id_evenement,event_name_fr,event_name_en,age_category,id_epreuve,id_edition
159249,7.5km Sprint - Women,7.5km Sprint - Women,Senior,6803,35897
159250,10km Sprint - Men,10km Sprint - Men,Senior,531,35897
159251,10km Pursuit - Women,10km Pursuit - Women,Senior,6804,35897
159252,12.5km Pursuit - Men,12.5km Pursuit - Men,Senior,532,35897
159253,15km Individual - Women,15km Individual - Women,Senior,6809,35897
159254,20km Individual - Men,20km Individual - Men,Senior,247,35897
159255,12.5km Mass Start - Women,12.5km Mass Start - Women,Senior,853,35897
159256,15km Mass Start - Men,15km Mass Start - Men,Senior,406,35897
159257,4 x 6km Relay - Mixed,4 x 6km Relay - Mixed,Senior,893833,35897
159258,4 x 6km Relay - Women,4 x 6km Relay - Women,Senior,1074,35897
159259,4 x 7.5km Relay - Men,4 x 7.5km Relay - Men,Senior,101,35897
162282,Doubles - Mixed,Doubles - Mixed,Senior,6041,45827
162414,Team - Men,Team - Men,Senior,889202,45807
162415,Team - Women,Team - Women,Senior,896099,45807
162416,Team - Men,Team - Men,Senior,237,45827
162417,Team - Women,Team - Women,Senior,27758,45827
229947,2 x 7.5km Skiathlon - Women,2 x 7.5km Skiathlon - Women,Senior,889302,45578
229948,Sprint Freestyle - Men,Sprint Freestyle - Men,Senior,889797,45578
229949,Sprint Freestyle - Women,Sprint Freestyle - Women,Senior,894199,45578
229950,Team Sprint Classic Style - Men,Team Sprint Classic Style - Men,Senior,636,45578
229951,10km Classic Style - Women,10km Classic Style - Women,Senior,893138,45578
229952,50km Freestyle - Men,50km Freestyle - Men,Senior,409,45578
229953,Gundersen Large Hill / 10km - Men,Gundersen Large Hill / 10km - Men,Senior,889798,45579
229954,2-Man Competition - Men,2-Man Competition - Men,Senior,391,45628
229955,2-Man Competition - Women,2-Man Competition - Women,Senior,26546,45628
229956,Individual - Men,Individual - Men,Senior,271,54901
229957,Individual - Women,Individual - Women,Senior,6972,54901
229985,Parallel Giant Slalom - Women,Parallel Giant Slalom - Women,Senior,895493,54915
229986,Halfpipe - Men,Halfpipe - Men,Senior,889307,54915
229987,Snowboard Cross - Men,Snowboard Cross - Men,Senior,416,54915
229988,Slopestyle - Men,Slopestyle - Men,Senior,889818,54915
229989,Slopestyle - Women,Slopestyle - Women,Senior,894738,54915
229990,Big Air - Men,Big Air - Men,Senior,889576,54915
229991,Snowboard Cross Team - Mixed,Snowboard Cross Team - Mixed,Senior,893630,54915
229992,Team - Mixed,Team - Mixed,Senior,6647,54916
229993,Pairs - Mixed,Pairs - Mixed,Senior,1446,54916
229994,Ice Dance - Mixed,Ice Dance - Mixed,Senior,1436,54916
229999,500m - Men,500m - Men,Senior,260,45641
230000,1500m - Men,1500m - Men,Senior,420,45641
230001,500m - Women,500m - Women,Senior,6955,45641
230002,1000m - Women,1000m - Women,Senior,6956,45641
230003,1500m - Women,1500m - Women,Senior,6957,45641
230004,2000m Relay - Mixed,2000m Relay - Mixed,Senior,896598,45641
230005,Single - Women,Single - Women,Senior,6973,45642
230158,Aerials - Men,Aerials - Men,Senior,117,54943
230159,Moguls - Men,Moguls - Men,Senior,119,54943
230160,Aerials - Women,Aerials - Women,Senior,894987,54943
230161,Big Air - Women,Big Air - Women,Senior,6951,54943
230704,500m - Women,500m - Women,Senior,27828,54962
230705,5000m - Men,5000m - Men,Senior,139,54962
230706,3000m - Women,3000m - Women,Senior,6971,54962
230707,10000m - Men,10000m - Men,Senior,437,54962
230708,5000m - Women,5000m - Women,Senior,27820,54962
230709,Mass Start 16 Laps - Men,Mass Start 16 Laps - Men,Senior,782,54962
230710,Mass Start 16 Laps - Women,Mass Start 16 Laps - Women,Senior,27824,54962
230752,Slalom - Men,Slalom - Men,Senior,461,45720
230753,Giant Slalom - Men,Giant Slalom - Men,Senior,310,45720
230754,Super G - Men,Super G - Men,Senior,26,45720
231730,2 x 15km Skiathlon - Men,2 x 15km Skiathlon - Men,Senior,114,45578
231731,Team Sprint Classic Style - Women,Team Sprint Classic Style - Women,Senior,896340,45578
231732,4 x 10km Relay - Men,4 x 10km Relay - Men,Senior,536,45578
231733,4 x 5km Relay - Women,4 x 5km Relay - Women,Senior,894167,45578
231734,15km Classic Style - Men,15km Classic Style - Men,Senior,109,45578
231735,30km Freestyle - Women,30km Freestyle - Women,Senior,895665,45578
231736,Gundersen Normal Hill / 10km - Men,Gundersen Normal Hill / 10km - Men,Senior,889416,45579
231737,Team Large Hill / 4 x 5km - Men,Team Large Hill / 4 x 5km - Men,Senior,889415,45579
231738,4-Man Competition - Open,4-Man Competition - Open,Senior,895209,45628
231739,Monobob - Women,Monobob - Women,Senior,27803,45628
231771,Parallel Giant Slalom - Men,Parallel Giant Slalom - Men,Senior,889427,54915
231772,Halfpipe - Women,Halfpipe - Women,Senior,894646,54915
231773,Snowboard Cross - Women,Snowboard Cross - Women,Senior,6651,54915
231774,Big Air - Women,Big Air - Women,Senior,894553,54915
231775,Singles - Men,Singles - Men,Senior,404,54916
231776,Singles - Women,Singles - Women,Senior,6646,54916
231780,1000m - Men,1000m - Men,Senior,258,45641
231781,5000m Relay - Men,5000m Relay - Men,Senior,122,45641
231782,3000m Relay - Women,3000m Relay - Women,Senior,6953,45641
231783,Single - Men,Single - Men,Senior,91,45642
231784,Double - Open,Double - Open,Senior,27839,45642
231785,Team - Relay - Mixed,Team - Relay - Mixed,Senior,1445,45642
231792,Individual - Normal Hill - Men,Individual - Normal Hill - Men,Senior,889278,45643
231793,Individual - Large Hill - Men,Individual - Large Hill - Men,Senior,889674,45643
231794,Team - Large Hill - Men,Team - Large Hill - Men,Senior,889555,45643
231795,Individual - Normal Hill - Women,Individual - Normal Hill - Women,Senior,894622,45643
231796,Team - Normal Hill - Mixed,Team - Normal Hill - Mixed,Senior,894530,45643
231837,Ski Cross - Men,Ski Cross - Men,Senior,637,54943
231838,Halfpipe - Men,Halfpipe - Men,Senior,664,54943
231839,Slopestyle - Men,Slopestyle - Men,Senior,889841,54943
231840,Big Air - Men,Big Air - Men,Senior,892536,54943
231841,Moguls - Women,Moguls - Women,Senior,6948,54943
231842,Ski Cross - Women,Ski Cross - Women,Senior,6801,54943
231843,Halfpipe - Women,Halfpipe - Women,Senior,894187,54943
231844,Slopestyle - Women,Slopestyle - Women,Senior,6634,54943
231845,Aerials Team - Mixed,Aerials Team - Mixed,Senior,5941,54943
232137,500m - Men,500m - Men,Senior,433,54962
232138,1000m - Men,1000m - Men,Senior,138,54962
232139,1000m - Women,1000m - Women,Senior,27814,54962
232140,1500m - Men,1500m - Men,Senior,436,54962
232141,1500m - Women,1500m - Women,Senior,27810,54962
232142,Team Pursuit 8 Laps - Men,Team Pursuit 8 Laps - Men,Senior,4,54962
232143,Team Pursuit 6 Laps - Women,Team Pursuit 6 Laps - Women,Senior,1101,54962
232192,Alpine Combined - Men,Alpine Combined - Men,Senior,24,45720
232193,Downhill - Men,Downhill - Men,Senior,25,45720
232194,Alpine Combined - Women,Alpine Combined - Women,Senior,895537,45720
232195,Downhill - Women,Downhill - Women,Senior,6813,45720
232196,Slalom - Women,Slalom - Women,Senior,893624,45720
232197,Giant Slalom - Women,Giant Slalom - Women,Senior,6790,45720
232198,Super G - Women,Super G - Women,Senior,6814,45720
232199,Team - Mixed,Team - Mixed,Senior,1449,45720
374003,Team - Women,Team - Women,Senior,6517,20757
374004,Team - Men,Team - Men,Senior,157,32728
374072,Team - Women,Team - Women,Senior,6469,32728
374073,Team - Women,Team - Women,Senior,6835,32730
374075,Team - Women,Team - Women,Senior,6511,32729
374343,Team - Men,Team - Men,Senior,342,32733
374344,Team - Women,Team - Women,Senior,6475,32733
374420,Team - Men,Team - Men,Senior,454,20757
374421,Team - Men,Team - Men,Senior,703,32738
374422,Team - Women,Team - Women,Senior,6465,32738
374424,Team - Men,Team - Men,Senior,455,32729
374539,Team - Men,Team - Men,Senior,889202,33817
374621,Team - Women,Team - Women,Senior,896099,33817
374710,Team - Men,Team - Men,Senior,157,35872
374980,Team - Women,Team - Women,Senior,6465,35918
374997,Team (3x3) - Women,Team (3x3) - Women,Senior,6516,35920
375126,Team - Women,Team - Women,Senior,27758,33821
375132,Team - Men,Team - Men,Senior,455,35873
375154,Team - Men,Team - Men,Senior,703,35918
375169,Team - Women,Team - Women,Senior,6469,35872
375170,Team - Men,Team - Men,Senior,460,35874
375171,Team - Women,Team - Women,Senior,6550,35875
375258,Team - Women,Team - Women,Senior,6835,35878
375261,Team - Men,Team - Men,Senior,454,35871
375262,Team - Women,Team - Women,Senior,6517,35871
375310,Team - Women,Team - Women,Senior,6475,35886
375570,Team (3x3) - Women,Team (3x3) - Women,Senior,6516,58806
375838,Team - Men,Team - Men,Senior,342,35886
375839,Team (3x3) - Men,Team (3x3) - Men,Senior,6450,35920
375930,Team - Men,Team - Men,Senior,280,36564
376175,Team - Men,Team - Men,Senior,478,58866
376176,Team - Women,Team - Women,Senior,6517,58807
376178,Team - Men,Team - Men,Senior,703,58810
376368,Team - Women,Team - Women,Senior,6475,58808
376369,Team - Men,Team - Men,Senior,454,58807
376370,Team (3x3) - Men,Team (3x3) - Men,Senior,6450,58806
376371,Team - Men,Team - Men,Senior,157,58809
399928,Singles - Women,Singles - Women,Senior,6466,32727
399929,Doubles - Women,Doubles - Women,Senior,6467,32727
399930,Heavyweight - Men,Heavyweight - Men,Senior,194,32732
399931,48kg - Women,48kg - Women,Senior,825,20761
399932,78kg - Women,78kg - Women,Senior,941,20761
399933,Individual Foil - Women,Individual Foil - Women,Senior,6503,20762
399934,Welterweight 57-67kg - Women,Welterweight 57-67kg - Women,Senior,1156,32735
399935,Singles - Women,Singles - Women,Senior,6479,32731
399936,59kg - Men,59kg - Men,Senior,889866,20764
399937,75kg - Men,75kg - Men,Senior,889867,20764
399938,97kg - Men,97kg - Men,Senior,695,20763
400625,Light Welterweight - Men,Light Welterweight - Men,Senior,889373,32732
401026,Welterweight - Men,Welterweight - Men,Senior,481,32732
401027,81kg - Men,81kg - Men,Senior,484,20761
401028,Team Foil - Men,Team Foil - Men,Senior,505,20762
401029,Featherweight 49-57kg - Women,Featherweight 49-57kg - Women,Senior,844,32735
401030,Heavyweight +80kg - Men,Heavyweight +80kg - Men,Senior,233,32735
401031,Singles - Women,Singles - Women,Senior,6495,32734
401033,Doubles - Men,Doubles - Men,Senior,40,32731
401034,65kg M OG - Men,65kg M OG - Men,Senior,692,20763
401035,48kg W (2014-2018) OG - Women,48kg W (2014-2018) OG - Women,Senior,892541,20763
401036,58kg - Women,58kg - Women,Senior,889864,20763
402513,Singles - Men,Singles - Men,Senior,5,32727
402514,73kg - Men,73kg - Men,Senior,49,20761
402515,63kg - Women,63kg - Women,Senior,1041,20761
402519,Team - Men,Team - Men,Senior,52,32734
402520,Team - Women,Team - Women,Senior,6493,32734
402521,Team - Men,Team - Men,Senior,542,32736
402522,53kg W OG - Women,53kg W OG - Women,Senior,1298,20763
403541,Bantamweight - Men,Bantamweight - Men,Senior,889501,32732
403542,66kg - Men,66kg - Men,Senior,483,20761
403543,100kg - Men,100kg - Men,Senior,345,20761
403544,+100kg - Men,+100kg - Men,Senior,48,20761
403545,Team Epee - Men,Team Epee - Men,Senior,372,20762
403546,Welterweight 68-80kg - Men,Welterweight 68-80kg - Men,Senior,516,32735
403547,Singles - Men,Singles - Men,Senior,204,32734
403548,Doubles - Mixed,Doubles - Mixed,Senior,6478,32731
403549,85kg (2014-2018) OG - Men,85kg (2014-2018) OG - Men,Senior,889868,20764
403550,74kg M OG - Men,74kg M OG - Men,Senior,1736,20763
403944,Middleweight - Men,Middleweight - Men,Senior,482,32732
403945,Lightweight - Men,Lightweight - Men,Senior,339,32732
403946,60kg - Men,60kg - Men,Senior,347,20761
403947,90kg - Men,90kg - Men,Senior,346,20761
403949,Flyweight -49kg - Women,Flyweight -49kg - Women,Senior,845,32735
403952,Singles - Men,Singles - Men,Senior,189,32731
403953,98kg - Men,98kg - Men,Senior,889869,20764
403954,125kg - Men,125kg - Men,Senior,696,20763
403955,63kg W (2014-2018) OG - Women,63kg W (2014-2018) OG - Women,Senior,892542,20763
403956,75kg - Women,75kg - Women,Senior,889877,20763
404701,Doubles - Men,Doubles - Men,Senior,140,32727
404702,Flyweight - Women,Flyweight - Women,Senior,1254,32732
404703,Light Flyweight - Men,Light Flyweight - Men,Senior,889500,32732
404704,Super Heavyweight - Men,Super Heavyweight - Men,Senior,480,32732
404705,57kg - Women,57kg - Women,Senior,1136,20761
405106,Individual Foil - Men,Individual Foil - Men,Senior,504,20762
405107,Individual Epee - Women,Individual Epee - Women,Senior,6481,20762
405108,Team Sabre - Women,Team Sabre - Women,Senior,6548,20762
405109,Flyweight -58kg - Men,Flyweight -58kg - Men,Senior,87,32735
405110,Doubles - Women,Doubles - Women,Senior,6477,32731
405111,66kg (2014-2018) OG - Men,66kg (2014-2018) OG - Men,Senior,892543,20764
405112,57kg - Men,57kg - Men,Senior,693,20763
405113,69kg W (2014-2018) OG - Women,69kg W (2014-2018) OG - Women,Senior,889865,20763
410202,74kg M OG - Men,74kg M OG - Men,Senior,1736,35913
410203,50kg - Women,50kg - Women,Senior,6426,35913
410204,60kg - Men,60kg - Men,Senior,347,35887
410205,78kg - Women,78kg - Women,Senior,941,35887
410964,87kg - Men,87kg - Men,Senior,26318,35914
410965,48kg - Women,48kg - Women,Senior,825,35887
413647,62kg - Women,62kg - Women,Senior,6454,35913
413648,76kg - Women,76kg - Women,Senior,26316,35913
413649,86kg - Men,86kg - Men,Senior,694,35913
413650,97kg OG - Men,97kg OG - Men,Senior,6427,35914
413651,100kg - Men,100kg - Men,Senior,345,35887
413652,70kg - Women,70kg - Women,Senior,1042,35887
413900,125kg - Men,125kg - Men,Senior,696,35913
413901,53kg W OG - Women,53kg W OG - Women,Senior,1298,35913
413902,57kg W OG - Women,57kg W OG - Women,Senior,26317,35913
413903,63kg - Women,63kg - Women,Senior,1041,35887
414252,65kg M OG - Men,65kg M OG - Men,Senior,692,35913
414253,90kg - Men,90kg - Men,Senior,346,35887
414841,Individual Kata - Men,Individual Kata - Men,Senior,5533,35899
415190,Individual Sabre - Men,Individual Sabre - Men,Senior,219,35893
415191,Singles - Men,Singles - Men,Senior,189,35881
415192,Team - Women,Team - Women,Senior,6512,35898
415193,Doubles - Men,Doubles - Men,Senior,140,35869
415992,68kg - Women,68kg - Women,Senior,6428,35913
415993,97kg - Men,97kg - Men,Senior,695,35913
415994,+100kg - Men,+100kg - Men,Senior,48,35887
415995,52kg - Women,52kg - Women,Senior,938,35887
416391,Featherweight 58-68kg - Men,Featherweight 58-68kg - Men,Senior,232,35895
416392,Individual Epee - Men,Individual Epee - Men,Senior,503,35893
418691,Doubles - Mixed,Doubles - Mixed,Senior,6524,35889
418692,Individual Foil - Men,Individual Foil - Men,Senior,504,35893
418693,Team Sabre - Women,Team Sabre - Women,Senior,6548,35893
418694,Team Foil - Women,Team Foil - Women,Senior,6504,35893
418698,Doubles - Men,Doubles - Men,Senior,40,35881
418699,Team - Men,Team - Men,Senior,542,35898
418700,Singles - Men,Singles - Men,Senior,5,35869
418777,Welterweight - Women,Welterweight - Women,Senior,1260,35882
418778,Middleweight - Women,Middleweight - Women,Senior,1261,35882
418779,Singles - Women,Singles - Women,Senior,6495,35889
418780,Individual Foil - Women,Individual Foil - Women,Senior,6503,35893
418785,Singles - Women,Singles - Women,Senior,6479,35881
419106,Doubles - Women,Doubles - Women,Senior,6467,35869
420033,Flyweight - Women,Flyweight - Women,Senior,1254,35882
420034,57kg - Women,57kg - Women,Senior,1257,35882
420035,Welterweight 68-80kg - Men,Welterweight 68-80kg - Men,Senior,516,35895
420036,Heavyweight +80kg - Men,Heavyweight +80kg - Men,Senior,233,35895
420037,Team - Women,Team - Women,Senior,6493,35889
420044,Doubles - Women,Doubles - Women,Senior,6477,35881
420258,+61kg Kumite - Women,+61kg Kumite - Women,Senior,27549,35899
421864,60kg - Women,60kg - Women,Senior,1258,35882
421865,Welterweight 57-67kg - Women,Welterweight 57-67kg - Women,Senior,1156,35895
421866,Team - Men,Team - Men,Senior,52,35889
421867,Team Sabre - Men,Team Sabre - Men,Senior,73,35893
421868,Team Epee - Men,Team Epee - Men,Senior,372,35893
421871,Doubles - Mixed,Doubles - Mixed,Senior,6478,35881
421872,Doubles - Mixed,Doubles - Mixed,Senior,6468,35869
421964,Flyweight - Men,Flyweight - Men,Senior,42,35882
421965,Featherweight - Men,Featherweight - Men,Senior,338,35882
422910,-67kg Kumite - Men,-67kg Kumite - Men,Senior,5507,35899
423483,-75kg Kumite - Men,-75kg Kumite - Men,Senior,5505,35899
423484,+75kg Kumite - Men,+75kg Kumite - Men,Senior,27551,35899
424505,Lightweight - Men,Lightweight - Men,Senior,339,35882
424506,Welterweight - Men,Welterweight - Men,Senior,481,35882
425100,Heavyweight - Men,Heavyweight - Men,Senior,194,35882
426223,-61kg Kumite - Women,-61kg Kumite - Women,Senior,5508,35899
426448,Middleweight - Men,Middleweight - Men,Senior,482,35882
429585,Singles - Women,Singles - Women,Senior,6495,58816
429986,97kg OG - Men,97kg OG - Men,Senior,6427,58821
429987,Individual Foil - Women,Individual Foil - Women,Senior,6503,58814
429988,Team Epee - Men,Team Epee - Men,Senior,372,58814
429989,Team Sabre - Women,Team Sabre - Women,Senior,6548,58814
429991,Doubles - Mixed,Doubles - Mixed,Senior,6478,58812
429992,Singles - Men,Singles - Men,Senior,189,58812
430314,78kg - Women,78kg - Women,Senior,941,58815
430315,Doubles - Mixed,Doubles - Mixed,Senior,6524,58816
430317,97kg - Men,97kg - Men,Senior,695,58820
430318,50kg - Women,50kg - Women,Senior,6426,58820
430319,77kg - Men,77kg - Men,Senior,26431,58821
430320,87kg - Men,87kg - Men,Senior,26318,58821
430321,Team Foil - Men,Team Foil - Men,Senior,505,58814
430328,Team - Men,Team - Men,Senior,542,58819
430329,Team - Women,Team - Women,Senior,6512,58819
430340,Heavyweight +80kg - Men,Heavyweight +80kg - Men,Senior,233,58817
432948,Doubles - Mixed,Doubles - Mixed,Senior,6468,58818
432949,Team - Men,Team - Men,Senior,52,58816
432950,68kg - Women,68kg - Women,Senior,6428,58820
432952,Individual Sabre - Women,Individual Sabre - Women,Senior,6547,58814
432953,Team Sabre - Men,Team Sabre - Men,Senior,73,58814
432960,Doubles - Men,Doubles - Men,Senior,40,58812
432961,Doubles - Women,Doubles - Women,Senior,6477,58812
432975,Flyweight -49kg - Women,Flyweight -49kg - Women,Senior,845,58817
433081,Singles - Women,Singles - Women,Senior,6466,58818
433082,66kg - Men,66kg - Men,Senior,483,58815
433083,73kg - Men,73kg - Men,Senior,49,58815
433084,81kg - Men,81kg - Men,Senior,484,58815
433085,63kg - Women,63kg - Women,Senior,1041,58815
433086,90kg - Men,90kg - Men,Senior,346,58815
433087,Team - Women,Team - Women,Senior,6493,58816
433088,57kg - Men,57kg - Men,Senior,693,58820
433089,65kg M OG - Men,65kg M OG - Men,Senior,692,58820
433090,86kg - Men,86kg - Men,Senior,694,58820
433091,Individual Foil - Men,Individual Foil - Men,Senior,504,58814
433092,Individual Sabre - Men,Individual Sabre - Men,Senior,219,58814
433093,Team Epee - Women,Team Epee - Women,Senior,6490,58814
433430,Featherweight 49-57kg - Women,Featherweight 49-57kg - Women,Senior,844,58817
434750,Team - Women,Team - Women,Senior,6788,38093
434998,48kg - Women,48kg - Women,Senior,825,58815
434999,76kg - Women,76kg - Women,Senior,26316,58820
435563,Singles - Men,Singles - Men,Senior,5,58818
435564,60kg - Men,60kg - Men,Senior,347,58815
435565,+100kg - Men,+100kg - Men,Senior,48,58815
435566,+78kg - Women,+78kg - Women,Senior,942,58815
435567,Singles - Men,Singles - Men,Senior,204,58816
435568,74kg M OG - Men,74kg M OG - Men,Senior,1736,58820
435569,57kg W OG - Women,57kg W OG - Women,Senior,26317,58820
435576,Singles - Women,Singles - Women,Senior,6479,58812
437389,Team - Men,Team - Men,Senior,280,38093
526067,10m Air Pistol - Women,10m Air Pistol - Women,Senior,6483,29865
526068,25m Pistol - Women,25m Pistol - Women,Senior,6482,29865
526069,50m Pistol - Men,50m Pistol - Men,Senior,889648,29865
526070,Skeet - Men,Skeet - Men,Senior,509,29865
526071,470 - Men,470 - Men,Senior,165,30131
526072,ILCA 7 - Men,ILCA 7 - Men,Senior,28,30131
526073,Hammer Throw - Men,Hammer Throw - Men,Senior,448,30322
526074,Marathon - Women,Marathon - Women,Senior,6617,30322
526233,Team - Men,Team - Men,Senior,478,32730
526555,Pole Vault - Women,Pole Vault - Women,Senior,6551,30322
526556,400m Hurdles - Women,400m Hurdles - Women,Senior,6529,30322
526557,50km Walk - Men,50km Walk - Men,Senior,15,30322
526558,48kg - Women,48kg - Women,Senior,889391,29921
526559,62kg - Men,62kg - Men,Senior,889519,29921
526560,58kg - Women,58kg - Women,Senior,889641,29921
526561,+75kg - Women,+75kg - Women,Senior,889395,29921
526562,Sprint - Women,Sprint - Women,Senior,6544,29128
526563,Four - Men,Four - Men,Senior,348,29998
526564,Double Sculls - Men,Double Sculls - Men,Senior,349,29998
526565,Lightweight Double Sculls - Women,Lightweight Double Sculls - Women,Senior,6573,29998
526566,Eight - Women,Eight - Women,Senior,6536,29998
526567,400m Individual Medley - Men,400m Individual Medley - Men,Senior,38,30060
526568,200m Butterfly - Women,200m Butterfly - Women,Senior,6604,30060
526569,200m Backstroke - Men,200m Backstroke - Men,Senior,471,30060
526576,K1 200m - Women,K1 200m - Women,Senior,6582,28988
526577,Team - Open,Team - Open,Senior,6684,29118
527660,Individual - Men,Individual - Men,Senior,217,29889
527661,10m Air Rifle - Men,10m Air Rifle - Men,Senior,78,29865
527662,25m Rapid Fire Pistol - Men,25m Rapid Fire Pistol - Men,Senior,224,29865
527663,10m Platform Synchro - Men,10m Platform Synchro - Men,Senior,334,20759
527664,Individual - Women,Individual - Women,Senior,6508,28945
527665,10000m - Men,10000m - Men,Senior,440,30322
527666,Discus Throw - Men,Discus Throw - Men,Senior,149,30322
527667,Pole Vault - Men,Pole Vault - Men,Senior,155,30322
527668,High Jump - Women,High Jump - Women,Senior,6842,30322
527669,56kg - Men,56kg - Men,Senior,889521,29921
527670,69kg - Men,69kg - Men,Senior,67,29921
527671,Omnium - Men,Omnium - Men,Senior,430,29128
527672,Team Sprint (3 Persons) - Men,Team Sprint (3 Persons) - Men,Senior,981,29128
527673,Team - Open,Team - Open,Senior,6700,29126
527674,Lightweight Four - Men,Lightweight Four - Men,Senior,889379,29998
527995,100m Backstroke - Women,100m Backstroke - Women,Senior,6566,30060
527996,100m Breaststroke - Women,100m Breaststroke - Women,Senior,6859,30060
527997,4 x 200m Freestyle Relay - Women,4 x 200m Freestyle Relay - Women,Senior,6567,30060
528007,K1 - Men,K1 - Men,Senior,279,28999
528008,C1 1000m - Men,C1 1000m - Men,Senior,552,28988
528009,K2 1000m - Men,K2 1000m - Men,Senior,593,28988
528010,K4 1000m - Men,K4 1000m - Men,Senior,889758,28988
528011,Cross Country - Women,Cross Country - Women,Senior,6696,29181
529266,Road race - Men,Road race - Men,Senior,1,26519
529267,10m Air Rifle - Women,10m Air Rifle - Women,Senior,6593,29865
529268,Skeet - Women,Skeet - Women,Senior,6752,29865
529269,Duet - Women,Duet - Women,Senior,819,20760
529270,Individual - Men,Individual - Men,Senior,631,28945
529271,100m - Women,100m - Women,Senior,6527,30322
529272,20km Walk - Men,20km Walk - Men,Senior,291,30322
529273,100m - Men,100m - Men,Senior,289,30322
529274,Shot Put - Women,Shot Put - Women,Senior,6843,30322
529675,800m - Men,800m - Men,Senior,299,30322
529676,Triple Jump - Men,Triple Jump - Men,Senior,156,30322
529677,4 x 400m Relay - Women,4 x 400m Relay - Women,Senior,6525,30322
529678,Double Sculls - Women,Double Sculls - Women,Senior,6521,29998
529679,400m Individual Medley - Women,400m Individual Medley - Women,Senior,6600,30060
529680,4 x 100m Freestyle Relay - Women,4 x 100m Freestyle Relay - Women,Senior,6560,30060
529681,400m Freestyle - Women,400m Freestyle - Women,Senior,6563,30060
529682,200m Backstroke - Women,200m Backstroke - Women,Senior,6562,30060
529687,K2 500m - Women,K2 500m - Women,Senior,6581,28988
529688,Team - Open,Team - Open,Senior,6676,29084
529689,Cross Country - Men,Cross Country - Men,Senior,543,29181
531447,Individual - Women,Individual - Women,Senior,6498,29889
531448,Olympic Distance - Men,Olympic Distance - Men,Senior,353,30005
531449,Olympic Distance - Women,Olympic Distance - Women,Senior,6558,30005
531450,Finn - Men,Finn - Men,Senior,463,30131
531451,Nacra 17 - Mixed,Nacra 17 - Mixed,Senior,1473,30131
531452,3m Springboard - Men,3m Springboard - Men,Senior,39,20759
531453,3m Springboard - Women,3m Springboard - Women,Senior,6643,20759
531454,Team - Women,Team - Women,Senior,820,20760
531455,Shot Put - Men,Shot Put - Men,Senior,18,30322
531456,400m - Women,400m - Women,Senior,6528,30322
531457,3000m Steeplechase - Women,3000m Steeplechase - Women,Senior,6589,30322
531458,200m - Women,200m - Women,Senior,6611,30322
531459,1500m - Women,1500m - Women,Senior,6556,30322
531460,Individual - Men,Individual - Men,Senior,212,29912
531461,75kg - Women,75kg - Women,Senior,956,29921
531462,Individual All-Around - Women,Individual All-Around - Women,Senior,992,28963
531463,Individual Trampoline - Women,Individual Trampoline - Women,Senior,6773,28938
531464,Keirin - Women,Keirin - Women,Senior,6543,29128
531465,Single Sculls - Women,Single Sculls - Women,Senior,6620,29998
531466,Lightweight Double Sculls - Men,Lightweight Double Sculls - Men,Senior,488,29998
531467,Quadruple Sculls - Women,Quadruple Sculls - Women,Senior,6518,29998
531468,4 x 100m Freestyle Relay - Men,4 x 100m Freestyle Relay - Men,Senior,184,30060
531469,200m Individual Medley - Women,200m Individual Medley - Women,Senior,6601,30060
531470,800m Freestyle - Women,800m Freestyle - Women,Senior,6660,30060
531480,K1 - Women,K1 - Women,Senior,6584,28999
531481,K1 1000m - Men,K1 1000m - Men,Senior,591,28988
531482,K1 500m - Women,K1 500m - Women,Senior,6580,28988
535443,Individual - Men,Individual - Men,Senior,341,29990
535444,50m Rifle 3 Positions - Men,50m Rifle 3 Positions - Men,Senior,685,29865
535445,Triple Jump - Women,Triple Jump - Women,Senior,6591,30322
535446,400m - Men,400m - Men,Senior,296,30322
535447,100m Hurdles - Women,100m Hurdles - Women,Senior,6590,30322
535448,Hammer Throw - Women,Hammer Throw - Women,Senior,6763,30322
535449,4 x 100m Relay - Women,4 x 100m Relay - Women,Senior,6612,30322
535450,4 x 100m Relay - Men,4 x 100m Relay - Men,Senior,444,30322
535451,20km Walk - Women,20km Walk - Women,Senior,6868,30322
535452,Marathon - Men,Marathon - Men,Senior,154,30322
535453,63kg - Women,63kg - Women,Senior,889517,29921
535454,Team Pursuit (4km) - Men,Team Pursuit (4km) - Men,Senior,130,29128
535455,Team Pursuit (4km) - Women,Team Pursuit (4km) - Women,Senior,6694,29128
535456,Single Sculls - Men,Single Sculls - Men,Senior,351,29998
535457,100m Butterfly - Women,100m Butterfly - Women,Senior,6688,30060
535458,200m Freestyle - Men,200m Freestyle - Men,Senior,183,30060
535459,200m Butterfly - Men,200m Butterfly - Men,Senior,182,30060
535460,4 x 200m Freestyle Relay - Men,4 x 200m Freestyle Relay - Men,Senior,326,30060
535461,200m Freestyle - Women,200m Freestyle - Women,Senior,6561,30060
535462,50m Freestyle - Men,50m Freestyle - Men,Senior,331,30060
535463,100m Butterfly - Men,100m Butterfly - Men,Senior,178,30060
535464,4 x 100m Medley Relay - Men,4 x 100m Medley Relay - Men,Senior,325,30060
535470,C1 - Men,C1 - Men,Senior,595,28999
535471,C1 200m - Men,C1 200m - Men,Senior,889704,28988
537718,Individual time trial - Women,Individual time trial - Women,Senior,6471,26519
537719,Individual time trial - Men,Individual time trial - Men,Senior,2,26519
537720,10m Air Pistol - Men,10m Air Pistol - Men,Senior,379,29865
537721,50m Rifle 3 Positions - Women,50m Rifle 3 Positions - Women,Senior,6596,29865
537722,50m Rifle Prone - Men,50m Rifle Prone - Men,Senior,889530,29865
537723,Double Trap - Men,Double Trap - Men,Senior,889398,29865
537724,49er - Men,49er - Men,Senior,27,30131
537725,10m Platform - Women,10m Platform - Women,Senior,6645,20759
537726,Discus Throw - Women,Discus Throw - Women,Senior,6704,30322
537727,Javelin Throw - Women,Javelin Throw - Women,Senior,6655,30322
537728,Javelin Throw - Men,Javelin Throw - Men,Senior,153,30322
537729,5000m - Men,5000m - Men,Senior,147,30322
537730,Sprint - Men,Sprint - Men,Senior,263,29128
537731,Omnium - Women,Omnium - Women,Senior,6691,29128
537732,Pair - Men,Pair - Men,Senior,198,29998
537733,400m Freestyle - Men,400m Freestyle - Men,Senior,474,30060
537734,100m Breaststroke - Men,100m Breaststroke - Men,Senior,177,30060
537735,100m Freestyle - Women,100m Freestyle - Women,Senior,6635,30060
537736,4 x 100m Medley Relay - Women,4 x 100m Medley Relay - Women,Senior,6638,30060
537748,C2 1000m - Men,C2 1000m - Men,Senior,554,28988
537749,Individual - Open,Individual - Open,Senior,6675,29084
537750,Individual - Open,Individual - Open,Senior,6683,29118
542389,Team - Relay - Mixed,Team - Relay - Mixed,Senior,1445,33823
542390,Individual - Large Hill - Men,Individual - Large Hill - Men,Senior,889674,33824
542391,Individual - Normal Hill - Women,Individual - Normal Hill - Women,Senior,894622,33824
543355,Individual All-Around - Men,Individual All-Around - Men,Senior,574,32737
543510,Rings - Men,Rings - Men,Senior,618,32737
544448,Doubles - Mixed,Doubles - Mixed,Senior,6041,33821
547473,Individual All-Around - Women,Individual All-Around - Women,Senior,6540,32737
547546,Pommel Horse - Men,Pommel Horse - Men,Senior,601,32737
549215,12.5km Mass Start - Women,12.5km Mass Start - Women,Senior,853,33827
549216,4 x 6km Relay - Women,4 x 6km Relay - Women,Senior,1074,33827
549217,Alpine Combined - Women,Alpine Combined - Women,Senior,895537,33818
549218,Giant Slalom - Men,Giant Slalom - Men,Senior,310,33818
549219,2-Man Competition - Women,2-Man Competition - Women,Senior,26546,33822
549220,2 x 15km Skiathlon - Men,2 x 15km Skiathlon - Men,Senior,114,33828
549221,Team Sprint Freestyle - Men,Team Sprint Freestyle - Men,Senior,634,33828
549222,2 x 7.5km Skiathlon - Women,2 x 7.5km Skiathlon - Women,Senior,889302,33828
549223,30km Classic Style - Women,30km Classic Style - Women,Senior,894266,33828
549224,Ice Dance - Mixed,Ice Dance - Mixed,Senior,1436,33826
549225,1500m - Men,1500m - Men,Senior,436,33816
549226,10000m - Men,10000m - Men,Senior,437,33816
549227,Mass Start 16 Laps - Men,Mass Start 16 Laps - Men,Senior,782,33816
549228,1000m - Women,1000m - Women,Senior,27814,33816
549229,5000m - Women,5000m - Women,Senior,27820,33816
549230,Team Pursuit 6 Laps - Women,Team Pursuit 6 Laps - Women,Senior,1101,33816
549231,500m - Women,500m - Women,Senior,6955,33831
549682,400m Individual Medley - Men,400m Individual Medley - Men,Senior,38,33971
549683,400m Freestyle - Women,400m Freestyle - Women,Senior,6563,33971
549684,200m Individual Medley - Women,200m Individual Medley - Women,Senior,6601,33971
549685,200m Backstroke - Men,200m Backstroke - Men,Senior,471,33971
549686,200m Breaststroke - Women,200m Breaststroke - Women,Senior,6602,33971
549687,800m Freestyle - Women,800m Freestyle - Women,Senior,6660,33971
549688,4 x 100m Medley Relay - Men,4 x 100m Medley Relay - Men,Senior,325,33971
549689,Team - Open,Team - Open,Senior,6700,35903
549700,Recurve Team - Women,Recurve Team - Women,Senior,6500,35891
549995,Alpine Combined - Men,Alpine Combined - Men,Senior,24,33818
549996,Super G - Men,Super G - Men,Senior,26,33818
549997,Giant Slalom - Women,Giant Slalom - Women,Senior,6790,33818
549998,Team Sprint Freestyle - Women,Team Sprint Freestyle - Women,Senior,893487,33828
549999,Moguls - Women,Moguls - Women,Senior,6948,33829
550000,Halfpipe - Women,Halfpipe - Women,Senior,894187,33829
550001,500m - Men,500m - Men,Senior,433,33816
550002,1500m - Women,1500m - Women,Senior,27810,33816
550003,Snowboard Cross - Men,Snowboard Cross - Men,Senior,416,33830
550004,Slopestyle - Women,Slopestyle - Women,Senior,894738,33830
550044,200m Freestyle - Women,200m Freestyle - Women,Senior,6561,33971
550045,100m Freestyle - Men,100m Freestyle - Men,Senior,179,33971
550052,Duet - Women,Duet - Women,Senior,819,35880
550055,Combined (B+L+S) - Women,Combined (B+L+S) - Women,Senior,6507,35915
550179,Park - Men,Park - Men,Senior,5882,35916
550180,Park - Women,Park - Women,Senior,6981,35916
553306,800m - Men,800m - Men,Senior,299,35870
553307,Marathon - Men,Marathon - Men,Senior,154,35870
553308,20km Walk - Men,20km Walk - Men,Senior,291,35870
553309,200m - Women,200m - Women,Senior,6611,35870
553310,400m - Women,400m - Women,Senior,6528,35870
553311,4 x 100m Relay - Women,4 x 100m Relay - Women,Senior,6612,35870
553792,10km Sprint - Men,10km Sprint - Men,Senior,531,33827
553793,20km Individual - Men,20km Individual - Men,Senior,247,33827
553794,10km Pursuit - Women,10km Pursuit - Women,Senior,6804,33827
553795,2 x 6 + 2 x 7.5km Relay - Mixed,2 x 6 + 2 x 7.5km Relay - Mixed,Senior,534,33827
553796,2-Man Competition - Men,2-Man Competition - Men,Senior,391,33822
553797,Gundersen Normal Hill / 10km - Men,Gundersen Normal Hill / 10km - Men,Senior,889416,33825
553798,Sprint Classic Style - Men,Sprint Classic Style - Men,Senior,632,33828
553799,Slopestyle - Women,Slopestyle - Women,Senior,6634,33829
553800,1000m - Men,1000m - Men,Senior,138,33816
553836,100m - Men,100m - Men,Senior,289,35870
553837,400m - Men,400m - Men,Senior,296,35870
553838,Pole Vault - Men,Pole Vault - Men,Senior,155,35870
553839,Javelin Throw - Men,Javelin Throw - Men,Senior,153,35870
553840,Pole Vault - Women,Pole Vault - Women,Senior,6551,35870
553868,Shortboard - Men,Shortboard - Men,Senior,5834,35900
553933,Team Large Hill / 4 x 5km - Men,Team Large Hill / 4 x 5km - Men,Senior,889415,33825
553934,15km Freestyle - Men,15km Freestyle - Men,Senior,110,33828
553935,Sprint Classic Style - Women,Sprint Classic Style - Women,Senior,896366,33828
553936,Aerials - Men,Aerials - Men,Senior,117,33829
553937,Singles - Men,Singles - Men,Senior,404,33826
553938,1500m - Women,1500m - Women,Senior,6957,33831
553939,1000m - Men,1000m - Men,Senior,258,33831
553940,3000m Relay - Women,3000m Relay - Women,Senior,6953,33831
553941,1000m - Women,1000m - Women,Senior,6956,33831
553942,Individual - Men,Individual - Men,Senior,271,33832
553943,Slopestyle - Men,Slopestyle - Men,Senior,889818,33830
553990,400m Individual Medley - Women,400m Individual Medley - Women,Senior,6600,33971
553991,4 x 100m Freestyle Relay - Women,4 x 100m Freestyle Relay - Women,Senior,6560,33971
553992,100m Butterfly - Women,100m Butterfly - Women,Senior,6688,33971
553993,100m Backstroke - Men,100m Backstroke - Men,Senior,176,33971
553994,100m Breaststroke - Women,100m Breaststroke - Women,Senior,6859,33971
554111,Floor Exercise - Men,Floor Exercise - Men,Senior,599,32737
554241,100m Breaststroke - Men,100m Breaststroke - Men,Senior,177,33971
554242,100m Backstroke - Women,100m Backstroke - Women,Senior,6566,33971
554243,200m Butterfly - Men,200m Butterfly - Men,Senior,182,33971
554244,200m Breaststroke - Men,200m Breaststroke - Men,Senior,321,33971
554245,1500m Freestyle - Men,1500m Freestyle - Men,Senior,181,33971
554261,Recurve Team - Men,Recurve Team - Men,Senior,213,35891
554654,Street - Men,Street - Men,Senior,5884,35916
554795,4 x 100m Medley Relay - Women,4 x 100m Medley Relay - Women,Senior,6638,33971
554806,Individual - Women,Individual - Women,Senior,6501,35891
555420,ILCA 6 - Women,ILCA 6 - Women,Senior,6652,35877
555421,Individual time trial - Women,Individual time trial - Women,Senior,6471,35085
555422,Individual - Men,Individual - Men,Senior,631,35917
555423,Freestyle Park - Men,Freestyle Park - Men,Senior,6086,56682
555424,Individual All-Around - Men,Individual All-Around - Men,Senior,574,35911
555425,Floor Exercise - Men,Floor Exercise - Men,Senior,599,35911
555426,Pommel Horse - Men,Pommel Horse - Men,Senior,601,35911
555427,Uneven Bars - Women,Uneven Bars - Women,Senior,1227,35911
555428,C1 - Men,C1 - Men,Senior,595,35908
555429,K1 200m - Men,K1 200m - Men,Senior,274,35907
555430,K1 500m - Women,K1 500m - Women,Senior,6580,35907
555431,Sprint - Men,Sprint - Men,Senior,263,35902
555862,3m Springboard - Men,3m Springboard - Men,Senior,39,35879
555863,3m Springboard - Women,3m Springboard - Women,Senior,6643,35879
555864,10m Platform - Men,10m Platform - Men,Senior,333,35879
555865,3m Springboard Synchro - Men,3m Springboard Synchro - Men,Senior,335,35879
555871,50m Rifle 3 Positions - Men,50m Rifle 3 Positions - Men,Senior,685,35894
555872,Skeet - Women,Skeet - Women,Senior,6752,35894
555873,10m Air Rifle - Team (Mixed) - Mixed,10m Air Rifle - Team (Mixed) - Mixed,Senior,809042,35894
555874,Olympic Distance - Men,Olympic Distance - Men,Senior,353,35890
556475,470 - Men,470 - Men,Senior,165,35877
556476,Team - Men,Team - Men,Senior,620,35911
556477,Vault - Men,Vault - Men,Senior,602,35911
556478,Individual All-Around - Women,Individual All-Around - Women,Senior,992,35909
556479,Team Pursuit (4km) - Men,Team Pursuit (4km) - Men,Senior,130,35902
556480,Omnium - Men,Omnium - Men,Senior,430,35902
556481,Double Sculls - Men,Double Sculls - Men,Senior,349,35888
556482,Lightweight Double Sculls - Men,Lightweight Double Sculls - Men,Senior,488,35888
556483,Single Sculls - Women,Single Sculls - Women,Senior,6620,35888
556484,Lightweight Double Sculls - Women,Lightweight Double Sculls - Women,Senior,6573,35888
556511,3m Springboard Synchro - Women,3m Springboard Synchro - Women,Senior,6644,35879
556519,25m Rapid Fire Pistol - Men,25m Rapid Fire Pistol - Men,Senior,224,35894
556520,Trap - Men,Trap - Men,Senior,376,35894
556521,10m Air Pistol - Women,10m Air Pistol - Women,Senior,6483,35894
557857,400m Hurdles - Men,400m Hurdles - Men,Senior,445,35870
557858,High Jump - Men,High Jump - Men,Senior,449,35870
557859,100m - Women,100m - Women,Senior,6527,35870
557860,3000m Steeplechase - Women,3000m Steeplechase - Women,Senior,6589,35870
557861,Triple Jump - Women,Triple Jump - Women,Senior,6591,35870
557862,Discus Throw - Women,Discus Throw - Women,Senior,6704,35870
557863,20km Walk - Women,20km Walk - Women,Senior,6868,35870
558698,3000m Steeplechase - Men,3000m Steeplechase - Men,Senior,146,35870
558699,Long Jump - Men,Long Jump - Men,Senior,302,35870
558700,4 x 100m Relay - Men,4 x 100m Relay - Men,Senior,444,35870
558701,4 x 400m Relay - Men,4 x 400m Relay - Men,Senior,13,35870
558702,800m - Women,800m - Women,Senior,6586,35870
558703,10000m - Women,10000m - Women,Senior,6616,35870
559968,Road race - Men,Road race - Men,Senior,1,35085
559969,Rings - Men,Rings - Men,Senior,618,35911
559970,K1 - Men,K1 - Men,Senior,279,35908
559971,C1 200m - Women,C1 200m - Women,Senior,6776,35907
559972,Team - Open,Team - Open,Senior,6684,35906
559973,Cross Country - Men,Cross Country - Men,Senior,543,35901
560604,4 x 7.5km Relay - Men,4 x 7.5km Relay - Men,Senior,101,33827
560605,Downhill - Men,Downhill - Men,Senior,25,33818
560606,Downhill - Women,Downhill - Women,Senior,6813,33818
560607,Slalom - Women,Slalom - Women,Senior,893624,33818
560608,Halfpipe - Men,Halfpipe - Men,Senior,664,33829
560609,Slopestyle - Men,Slopestyle - Men,Senior,889841,33829
560610,Aerials - Women,Aerials - Women,Senior,894987,33829
560611,Ski Cross - Women,Ski Cross - Women,Senior,6801,33829
560612,Individual - Women,Individual - Women,Senior,6972,33832
560613,Parallel Giant Slalom - Women,Parallel Giant Slalom - Women,Senior,895493,33830
560638,10m Platform - Women,10m Platform - Women,Senior,6645,35879
560639,10m Platform Synchro - Women,10m Platform Synchro - Women,Senior,27663,35879
560642,10m Air Rifle - Men,10m Air Rifle - Men,Senior,78,35894
560643,50m Rifle 3 Positions - Women,50m Rifle 3 Positions - Women,Senior,6596,35894
560644,Olympic Distance - Women,Olympic Distance - Women,Senior,6558,35890
561057,Team - Women,Team - Women,Senior,6542,35911
561058,Individual All-Around - Women,Individual All-Around - Women,Senior,6540,35911
561059,K2 1000m - Men,K2 1000m - Men,Senior,593,35907
561060,Team Sprint (3 Persons) - Men,Team Sprint (3 Persons) - Men,Senior,981,35902
561061,Four - Women,Four - Women,Senior,6523,35888
561062,Eight - Women,Eight - Women,Senior,6536,35888
561063,4 x 100m Medley Relay - Mixed,4 x 100m Medley Relay - Mixed,Senior,6574,33971
561096,10m Platform Synchro - Men,10m Platform Synchro - Men,Senior,334,35879
561101,Individual - Men,Individual - Men,Senior,341,35883
561102,Skeet - Men,Skeet - Men,Senior,509,35894
561103,Trap - Women,Trap - Women,Senior,6631,35894
561104,Trap - Team (Mixed) - Mixed,Trap - Team (Mixed) - Mixed,Senior,809041,35894
561141,200m Freestyle - Men,200m Freestyle - Men,Senior,183,33971
561150,Team - Women,Team - Women,Senior,820,35880
561439,Recurve Team - Mixed,Recurve Team - Mixed,Senior,27754,35891
561530,Individual - Normal Hill - Men,Individual - Normal Hill - Men,Senior,889278,33824
562162,Horizontal Bar - Men,Horizontal Bar - Men,Senior,600,32737
565229,Discus Throw - Men,Discus Throw - Men,Senior,149,35870
565230,100m Hurdles - Women,100m Hurdles - Women,Senior,6590,35870
565231,Marathon - Women,Marathon - Women,Senior,6617,35870
565232,4 x 400m Relay - Women,4 x 400m Relay - Women,Senior,6525,35870
565260,Shortboard - Women,Shortboard - Women,Senior,6911,35900
565354,81kg - Men,81kg - Men,Senior,26474,35778
567348,RS:X - Men,RS:X - Men,Senior,462,35877
567349,49er - Men,49er - Men,Senior,27,35877
567350,Road race - Women,Road race - Women,Senior,6472,35085
567353,K1 - Women,K1 - Women,Senior,6584,35908
567354,Team - Open,Team - Open,Senior,6676,35904
567435,Single Sculls - Men,Single Sculls - Men,Senior,351,35888
567436,Pair - Men,Pair - Men,Senior,198,35888
567437,Pair - Women,Pair - Women,Senior,6522,35888
567438,Double Sculls - Women,Double Sculls - Women,Senior,6521,35888
567439,Quadruple Sculls - Women,Quadruple Sculls - Women,Senior,6518,35888
567463,Individual - Women,Individual - Women,Senior,6648,35883
567464,25m Pistol - Women,25m Pistol - Women,Senior,6482,35894
567465,10m Air Pistol - Team (Mixed) - Mixed,10m Air Pistol - Team (Mixed) - Mixed,Senior,97643,35894
567539,+87kg - Women,+87kg - Women,Senior,26491,35778
567540,109kg - Men,109kg - Men,Senior,26456,35778
570444,55kg - Women,55kg - Women,Senior,26475,35778
570445,59kg - Women,59kg - Women,Senior,1323,35778
570446,64kg - Women,64kg - Women,Senior,1329,35778
570447,76kg - Women,76kg - Women,Senior,1338,35778
570448,67kg - Men,67kg - Men,Senior,26325,35778
570449,+109kg - Men,+109kg - Men,Senior,26328,35778
570516,15km Individual - Women,15km Individual - Women,Senior,6809,33827
570517,Gundersen Large Hill / 10km - Men,Gundersen Large Hill / 10km - Men,Senior,889798,33825
570518,50km Classic Style - Men,50km Classic Style - Men,Senior,253,33828
570519,Team - Mixed,Team - Mixed,Senior,6647,33826
570520,3000m - Women,3000m - Women,Senior,6971,33816
570521,Parallel Giant Slalom - Men,Parallel Giant Slalom - Men,Senior,889427,33830
570522,Halfpipe - Women,Halfpipe - Women,Senior,894646,33830
570523,Big Air - Women,Big Air - Women,Senior,894553,33830
570971,400m Freestyle - Men,400m Freestyle - Men,Senior,474,33971
570972,4 x 200m Freestyle Relay - Women,4 x 200m Freestyle Relay - Women,Senior,6567,33971
570973,100m Freestyle - Women,100m Freestyle - Women,Senior,6635,33971
570974,50m Freestyle - Men,50m Freestyle - Men,Senior,331,33971
571080,73kg - Men,73kg - Men,Senior,26490,35778
571781,Street - Women,Street - Women,Senior,6980,35916
577453,110m Hurdles - Men,110m Hurdles - Men,Senior,441,35870
577454,Triple Jump - Men,Triple Jump - Men,Senior,156,35870
577455,Shot Put - Men,Shot Put - Men,Senior,18,35870
577456,Decathlon - Men,Decathlon - Men,Senior,148,35870
577457,Heptathlon - Women,Heptathlon - Women,Senior,797,35870
578035,49kg - Women,49kg - Women,Senior,26322,35778
579585,Marathon - Men,Marathon - Men,Senior,154,58803
579586,800m - Women,800m - Women,Senior,6586,58803
579587,1500m - Women,1500m - Women,Senior,6556,58803
579589,Street - Men,Street - Men,Senior,5884,58853
579590,Olympic Distance - Women,Olympic Distance - Women,Senior,6558,58851
579591,C1 1000m - Men,C1 1000m - Men,Senior,552,58833
580109,4 x 100m Relay - Men,4 x 100m Relay - Men,Senior,444,58803
580110,200m - Women,200m - Women,Senior,6611,58803
580111,100m Hurdles - Women,100m Hurdles - Women,Senior,6590,58803
580112,High Jump - Women,High Jump - Women,Senior,6842,58803
580113,Triple Jump - Women,Triple Jump - Women,Senior,6591,58803
580117,Road race - Women,Road race - Women,Senior,6472,58838
580118,Individual time trial - Men,Individual time trial - Men,Senior,2,58838
580119,10m Air Pistol - Women,10m Air Pistol - Women,Senior,6483,58850
580120,Keirin - Men,Keirin - Men,Senior,265,58839
580121,K1 - Women,K1 - Women,Senior,6584,58834
580122,Individual - Open,Individual - Open,Senior,6675,58842
580126,Cross Country - Men,Cross Country - Men,Senior,543,58837
580127,Quadruple Sculls - Men,Quadruple Sculls - Men,Senior,203,58848
580154,3m Springboard - Women,3m Springboard - Women,Senior,6643,58830
580395,10m Platform Synchro - Women,10m Platform Synchro - Women,Senior,27663,58830
580416,200m Freestyle - Women,200m Freestyle - Women,Senior,6561,58829
580417,100m Breaststroke - Women,100m Breaststroke - Women,Senior,6859,58829
580418,4 x 100m Medley Relay - Mixed,4 x 100m Medley Relay - Mixed,Senior,6574,58829
580419,iQFOiL - Men,iQFOiL - Men,Senior,896987,58849
580467,Floor Exercise - Women,Floor Exercise - Women,Senior,6541,58844
581088,RS:X - Women,RS:X - Women,Senior,6587,35877
581089,Individual - Women,Individual - Women,Senior,6508,35917
581090,Beam - Women,Beam - Women,Senior,1197,35911
581091,Floor Exercise - Women,Floor Exercise - Women,Senior,6541,35911
581092,Group All-Around - Women,Group All-Around - Women,Senior,1192,35909
581093,C1 - Women,C1 - Women,Senior,6756,35908
581094,K1 1000m - Men,K1 1000m - Men,Senior,591,35907
581095,C1 1000m - Men,C1 1000m - Men,Senior,552,35907
581096,K1 200m - Women,K1 200m - Women,Senior,6582,35907
581097,K4 500m - Women,K4 500m - Women,Senior,6577,35907
581098,Cross Country - Women,Cross Country - Women,Senior,6696,35901
581099,Team Sprint (2 Persons) - Women,Team Sprint (2 Persons) - Women,Senior,1179,35902
581100,Keirin - Women,Keirin - Women,Senior,6543,35902
581101,Four - Men,Four - Men,Senior,348,35888
581102,Quadruple Sculls - Men,Quadruple Sculls - Men,Senior,203,35888
581364,10m Air Rifle - Women,10m Air Rifle - Women,Senior,6593,35894
581837,10km - Women,10km - Women,Senior,6607,58828
581838,Freestyle Park - Women,Freestyle Park - Women,Senior,6965,58835
581839,Lightweight Double Sculls - Men,Lightweight Double Sculls - Men,Senior,488,58848
581892,50m Freestyle - Men,50m Freestyle - Men,Senior,331,58829
581893,50m Freestyle - Women,50m Freestyle - Women,Senior,6637,58829
581894,400m Freestyle - Men,400m Freestyle - Men,Senior,474,58829
581895,4 x 200m Freestyle Relay - Men,4 x 200m Freestyle Relay - Men,Senior,326,58829
581896,Formula Kite - Men,Formula Kite - Men,Senior,896013,58849
582248,Team - Men,Team - Men,Senior,620,58844
582249,Team - Women,Team - Women,Senior,6542,58844
582250,Individual - Women,Individual - Women,Senior,6498,58847
582253,Combined (B+L) - Men,Combined (B+L) - Men,Senior,897325,59010
582254,Speed - Men,Speed - Men,Senior,892601,59010
582255,Speed - Women,Speed - Women,Senior,895662,59010
584209,110m Hurdles - Men,110m Hurdles - Men,Senior,441,58803
584210,400m Hurdles - Men,400m Hurdles - Men,Senior,445,58803
584211,Javelin Throw - Men,Javelin Throw - Men,Senior,153,58803
584212,Decathlon - Men,Decathlon - Men,Senior,148,58803
584213,5000m - Women,5000m - Women,Senior,6618,58803
584214,10000m - Women,10000m - Women,Senior,6616,58803
584215,4 x 400m Relay - Women,4 x 400m Relay - Women,Senior,6525,58803
584216,Shot Put - Women,Shot Put - Women,Senior,6843,58803
584217,Javelin Throw - Women,Javelin Throw - Women,Senior,6655,58803
584218,Heptathlon - Women,Heptathlon - Women,Senior,797,58803
584224,10m Air Pistol - Men,10m Air Pistol - Men,Senior,379,58850
584225,Team Pursuit (4km) - Women,Team Pursuit (4km) - Women,Senior,6694,58839
584226,Omnium - Women,Omnium - Women,Senior,6691,58839
584227,K1 - Men,K1 - Men,Senior,279,58834
584228,CSLX - Men,CSLX - Men,Senior,892681,58834
584229,C1 - Women,C1 - Women,Senior,6756,58834
584230,K4 500m - Men,K4 500m - Men,Senior,275,58833
584231,K2 500m - Women,K2 500m - Women,Senior,6581,58833
584639,Freestyle Park - Men,Freestyle Park - Men,Senior,6086,58835
584640,Pair - Men,Pair - Men,Senior,198,58848
584641,Double Sculls - Women,Double Sculls - Women,Senior,6521,58848
584642,Four - Women,Four - Women,Senior,6523,58848
584666,3m Springboard Synchro - Women,3m Springboard Synchro - Women,Senior,6644,58830
584686,200m Freestyle - Men,200m Freestyle - Men,Senior,183,58829
584687,800m Freestyle - Men,800m Freestyle - Men,Senior,332,58829
584688,200m Butterfly - Men,200m Butterfly - Men,Senior,182,58829
584689,4 x 100m Freestyle Relay - Men,4 x 100m Freestyle Relay - Men,Senior,184,58829
584690,4 x 100m Freestyle Relay - Women,4 x 100m Freestyle Relay - Women,Senior,6560,58829
584691,49er - Men,49er - Men,Senior,27,58849
584692,Formula Kite - Women,Formula Kite - Women,Senior,893162,58849
584703,Recurve Team - Women,Recurve Team - Women,Senior,6500,58832
584704,Individual - Women,Individual - Women,Senior,6501,58832
585137,Uneven Bars - Women,Uneven Bars - Women,Senior,1227,58844
585138,Individual - Men,Individual - Men,Senior,217,58847
585141,Individual - Men,Individual - Men,Senior,341,58843
588692,Team - Men,Team - Men,Senior,342,58808
588693,Team - Women,Team - Women,Senior,6469,58809
588694,Team - Men,Team - Men,Senior,455,58811
591041,96kg - Men,96kg - Men,Senior,26461,35778
591560,Pole Vault - Men,Pole Vault - Men,Senior,155,58803
591561,100m - Women,100m - Women,Senior,6527,58803
591562,4 x 100m Relay - Women,4 x 100m Relay - Women,Senior,6612,58803
591563,Long Jump - Women,Long Jump - Women,Senior,6615,58803
591564,4 x 400m Relay - Mixed,4 x 400m Relay - Mixed,Senior,6907,58803
591566,Individual time trial - Women,Individual time trial - Women,Senior,6471,58838
591567,50m Rifle 3 Positions - Women,50m Rifle 3 Positions - Women,Senior,6596,58850
591568,Olympic Distance - Men,Olympic Distance - Men,Senior,353,58851
591569,Team Sprint (3 Persons) - Women,Team Sprint (3 Persons) - Women,Senior,897256,58839
591570,Keirin - Women,Keirin - Women,Senior,6543,58839
591571,K2 500m - Men,K2 500m - Men,Senior,889325,58833
591572,K4 500m - Women,K4 500m - Women,Senior,6577,58833
591573,Individual - Open,Individual - Open,Senior,6795,58841
591574,Team - Open,Team - Open,Senior,6684,58840
591584,Eight - Men,Eight - Men,Senior,200,58848
591585,Pair - Women,Pair - Women,Senior,6522,58848
591586,Lightweight Double Sculls - Women,Lightweight Double Sculls - Women,Senior,6573,58848
591620,Shortboard - Men,Shortboard - Men,Senior,5834,58854
591889,1500m Freestyle - Men,1500m Freestyle - Men,Senior,181,58829
591890,200m Backstroke - Men,200m Backstroke - Men,Senior,471,58829
591891,4 x 200m Freestyle Relay - Women,4 x 200m Freestyle Relay - Women,Senior,6567,58829
591892,ILCA 7 - Men,ILCA 7 - Men,Senior,28,58849
591893,Nacra 17 - Mixed,Nacra 17 - Mixed,Senior,1473,58849
591921,Parallel Bars - Men,Parallel Bars - Men,Senior,575,58844
591922,Beam - Women,Beam - Women,Senior,1197,58844
592587,Long Jump - Men,Long Jump - Men,Senior,302,58803
592588,Discus Throw - Men,Discus Throw - Men,Senior,149,58803
592589,Hammer Throw - Men,Hammer Throw - Men,Senior,448,58803
592590,400m - Women,400m - Women,Senior,6528,58803
592591,Hammer Throw - Women,Hammer Throw - Women,Senior,6763,58803
592592,Road race - Men,Road race - Men,Senior,1,58838
592593,Park - Women,Park - Women,Senior,6981,58853
592594,Park - Men,Park - Men,Senior,5882,58853
592595,50m Rifle 3 Positions - Men,50m Rifle 3 Positions - Men,Senior,685,58850
592596,25m Rapid Fire Pistol - Men,25m Rapid Fire Pistol - Men,Senior,224,58850
592677,25m Pistol - Women,25m Pistol - Women,Senior,6482,58850
592678,Skeet - Women,Skeet - Women,Senior,6752,58850
592679,10m Air Rifle - Team (Mixed) - Mixed,10m Air Rifle - Team (Mixed) - Mixed,Senior,809042,58850
592680,Madison - Women,Madison - Women,Senior,6695,58839
592681,CSLX - Women,CSLX - Women,Senior,893193,58834
592682,C1 200m - Women,C1 200m - Women,Senior,6776,58833
592683,Team - Open,Team - Open,Senior,6676,58842
592686,Double Sculls - Men,Double Sculls - Men,Senior,349,58848
592710,3m Springboard - Men,3m Springboard - Men,Senior,39,58830
592711,10m Platform - Men,10m Platform - Men,Senior,333,58830
592712,10m Platform - Women,10m Platform - Women,Senior,6645,58830
592742,100m Freestyle - Men,100m Freestyle - Men,Senior,179,58829
592743,100m Freestyle - Women,100m Freestyle - Women,Senior,6635,58829
592744,400m Freestyle - Women,400m Freestyle - Women,Senior,6563,58829
592745,100m Backstroke - Men,100m Backstroke - Men,Senior,176,58829
592746,200m Breaststroke - Women,200m Breaststroke - Women,Senior,6602,58829
592747,100m Butterfly - Women,100m Butterfly - Women,Senior,6688,58829
592748,200m Butterfly - Women,200m Butterfly - Women,Senior,6604,58829
592749,200m Individual Medley - Men,200m Individual Medley - Men,Senior,322,58829
592750,400m Individual Medley - Men,400m Individual Medley - Men,Senior,38,58829
592751,4 x 100m Medley Relay - Women,4 x 100m Medley Relay - Women,Senior,6638,58829
592752,470 - Mixed,470 - Mixed,Senior,895658,58849
592945,Vault - Men,Vault - Men,Senior,602,58844
592946,Horizontal Bar - Men,Horizontal Bar - Men,Senior,600,58844
592947,Vault - Women,Vault - Women,Senior,6628,58844
597558,400m - Men,400m - Men,Senior,296,58803
597559,5000m - Men,5000m - Men,Senior,147,58803
597560,10000m - Men,10000m - Men,Senior,440,58803
597561,4 x 400m Relay - Men,4 x 400m Relay - Men,Senior,13,58803
597562,High Jump - Men,High Jump - Men,Senior,449,58803
597563,Triple Jump - Men,Triple Jump - Men,Senior,156,58803
597564,20km Walk - Men,20km Walk - Men,Senior,291,58803
597565,Pole Vault - Women,Pole Vault - Women,Senior,6551,58803
597566,10m Air Rifle - Men,10m Air Rifle - Men,Senior,78,58850
597567,Skeet - Men,Skeet - Men,Senior,509,58850
597568,10m Air Pistol - Team (Mixed) - Mixed,10m Air Pistol - Team (Mixed) - Mixed,Senior,97643,58850
597569,Sprint - Women,Sprint - Women,Senior,6544,58839
597570,Sprint - Men,Sprint - Men,Senior,263,58839
597571,C1 - Men,C1 - Men,Senior,595,58834
597572,K1 1000m - Men,K1 1000m - Men,Senior,591,58833
597573,C2 500m - Men,C2 500m - Men,Senior,889705,58833
597574,Individual - Open,Individual - Open,Senior,6683,58840
597577,Cross Country - Women,Cross Country - Women,Senior,6696,58837
597578,Single Sculls - Men,Single Sculls - Men,Senior,351,58848
597603,Team - Open,Team - Open,Senior,897328,58831
597604,Shortboard - Women,Shortboard - Women,Senior,6911,58854
597626,800m Freestyle - Women,800m Freestyle - Women,Senior,6660,58829
597627,200m Individual Medley - Women,200m Individual Medley - Women,Senior,6601,58829
597628,iQFOiL - Women,iQFOiL - Women,Senior,896986,58849
597662,Rings - Men,Rings - Men,Senior,618,58844
597663,Individual Trampoline - Men,Individual Trampoline - Men,Senior,567,58846
600043,Team - Men,Team - Men,Senior,237,33821
600047,Team - Men,Team - Men,Senior,478,35878
600052,Team - Women,Team - Women,Senior,6511,35873
600376,Team - Women,Team - Women,Senior,6835,58866
600377,Team - Women,Team - Women,Senior,6465,58810
600378,Team - Women,Team - Women,Senior,6511,58811
600414,Team - Women,Team - Women,Senior,6788,36564
606989,Flyweight - Men,Flyweight - Men,Senior,42,32732
606990,52kg - Women,52kg - Women,Senior,938,20761
606991,70kg - Women,70kg - Women,Senior,1042,20761
606992,+78kg - Women,+78kg - Women,Senior,942,20761
606993,Individual Epee - Men,Individual Epee - Men,Senior,503,20762
606994,Individual Sabre - Women,Individual Sabre - Women,Senior,6547,20762
606995,Featherweight 58-68kg - Men,Featherweight 58-68kg - Men,Senior,232,32735
606996,Heavyweight +67kg - Women,Heavyweight +67kg - Women,Senior,964,32735
606997,Team - Women,Team - Women,Senior,6512,32736
606998,130kg OG - Men,130kg OG - Men,Senior,702,20764
609325,60kg OG - Men,60kg OG - Men,Senior,26436,35914
609326,67kg - Men,67kg - Men,Senior,6424,35914
609327,77kg - Men,77kg - Men,Senior,26431,35914
609328,66kg - Men,66kg - Men,Senior,483,35887
609329,73kg - Men,73kg - Men,Senior,49,35887
609330,+78kg - Women,+78kg - Women,Senior,942,35887
610159,Individual Kata - Women,Individual Kata - Women,Senior,6945,35899
610825,Team Foil - Men,Team Foil - Men,Senior,505,35893
610826,Individual Epee - Women,Individual Epee - Women,Senior,6481,35893
610827,Individual Sabre - Women,Individual Sabre - Women,Senior,6547,35893
610828,Team Epee - Women,Team Epee - Women,Senior,6490,35893
610829,Team - Mixed,Team - Mixed,Senior,6629,35887
610832,Singles - Women,Singles - Women,Senior,6466,35869
611874,Doubles - Mixed,Doubles - Mixed,Senior,6468,32727
611875,60kg - Women,60kg - Women,Senior,1258,32732
611876,Middleweight - Women,Middleweight - Women,Senior,1261,32732
611877,Light Heavyweight - Men,Light Heavyweight - Men,Senior,340,32732
611878,Individual Sabre - Men,Individual Sabre - Men,Senior,219,20762
611879,Team Epee - Women,Team Epee - Women,Senior,6490,20762
611882,86kg - Men,86kg - Men,Senior,694,20763
612251,-55kg Kumite - Women,-55kg Kumite - Women,Senior,6486,35899
612488,Light Heavyweight - Men,Light Heavyweight - Men,Senior,340,35882
612489,Super Heavyweight - Men,Super Heavyweight - Men,Senior,480,35882
614695,Doubles - Women,Doubles - Women,Senior,6467,58818
614696,52kg - Women,52kg - Women,Senior,938,58815
614697,70kg - Women,70kg - Women,Senior,1042,58815
614699,125kg - Men,125kg - Men,Senior,696,58820
614700,53kg W OG - Women,53kg W OG - Women,Senior,1298,58820
614701,67kg - Men,67kg - Men,Senior,6424,58821
614702,130kg OG - Men,130kg OG - Men,Senior,702,58821
614720,Welterweight 57-67kg - Women,Welterweight 57-67kg - Women,Senior,1156,58817
616359,57kg - Men,57kg - Men,Senior,693,35913
616360,130kg OG - Men,130kg OG - Men,Senior,702,35914
616361,81kg - Men,81kg - Men,Senior,484,35887
616362,57kg - Women,57kg - Women,Senior,1136,35887
618691,Flyweight -49kg - Women,Flyweight -49kg - Women,Senior,845,35895
618692,Flyweight -58kg - Men,Flyweight -58kg - Men,Senior,87,35895
618693,Featherweight 49-57kg - Women,Featherweight 49-57kg - Women,Senior,844,35895
618694,Heavyweight +67kg - Women,Heavyweight +67kg - Women,Senior,964,35895
618695,Singles - Men,Singles - Men,Senior,204,35889
626191,Doubles - Men,Doubles - Men,Senior,140,58818
626192,57kg - Women,57kg - Women,Senior,1136,58815
626193,100kg - Men,100kg - Men,Senior,345,58815
626194,Team - Mixed,Team - Mixed,Senior,6629,58815
626196,62kg - Women,62kg - Women,Senior,6454,58820
626197,60kg OG - Men,60kg OG - Men,Senior,26436,58821
626199,Individual Epee - Men,Individual Epee - Men,Senior,503,58814
626200,Individual Epee - Women,Individual Epee - Women,Senior,6481,58814
626201,Team Foil - Women,Team Foil - Women,Senior,6504,58814
626219,Flyweight -58kg - Men,Flyweight -58kg - Men,Senior,87,58817
626220,Featherweight 58-68kg - Men,Featherweight 58-68kg - Men,Senior,232,58817
626221,Welterweight 68-80kg - Men,Welterweight 68-80kg - Men,Senior,516,58817
626222,Heavyweight +67kg - Women,Heavyweight +67kg - Women,Senior,964,58817
639432,Road race - Women,Road race - Women,Senior,6472,26519
639433,Trap - Men,Trap - Men,Senior,376,29865
639434,10m Platform - Men,10m Platform - Men,Senior,333,20759
639435,3m Springboard Synchro - Men,3m Springboard Synchro - Men,Senior,335,20759
639436,400m Hurdles - Men,400m Hurdles - Men,Senior,445,30322
639437,1500m - Men,1500m - Men,Senior,8,30322
639438,High Jump - Men,High Jump - Men,Senior,449,30322
639439,Long Jump - Women,Long Jump - Women,Senior,6615,30322
639440,110m Hurdles - Men,110m Hurdles - Men,Senior,441,30322
639441,200m - Men,200m - Men,Senior,144,30322
639442,5000m - Women,5000m - Women,Senior,6618,30322
639443,4 x 400m Relay - Men,4 x 400m Relay - Men,Senior,13,30322
639444,800m - Women,800m - Women,Senior,6586,30322
639445,53kg - Women,53kg - Women,Senior,889248,29921
639446,77kg - Men,77kg - Men,Senior,889643,29921
639447,+105kg - Men,+105kg - Men,Senior,889247,29921
639448,Group All-Around - Women,Group All-Around - Women,Senior,1192,28963
639449,Individual Trampoline - Men,Individual Trampoline - Men,Senior,567,28938
639450,Keirin - Men,Keirin - Men,Senior,265,29128
639451,Team Sprint (2 Persons) - Women,Team Sprint (2 Persons) - Women,Senior,1179,29128
639452,100m Backstroke - Men,100m Backstroke - Men,Senior,176,30060
639453,200m Individual Medley - Men,200m Individual Medley - Men,Senior,322,30060
639454,200m Breaststroke - Women,200m Breaststroke - Women,Senior,6602,30060
639455,1500m Freestyle - Men,1500m Freestyle - Men,Senior,181,30060
639456,10km - Women,10km - Women,Senior,6607,28436
639457,10km - Men,10km - Men,Senior,3390,28436
639465,C2 - Men,C2 - Men,Senior,889760,28999
639466,K4 500m - Women,K4 500m - Women,Senior,6577,28988
639467,K1 200m - Men,K1 200m - Men,Senior,274,28988
639468,K2 200m - Men,K2 200m - Men,Senior,889710,28988
644102,Single - Women,Single - Women,Senior,6973,33823
644103,Double - Open,Double - Open,Senior,27839,33823
644104,Team - Large Hill - Men,Team - Large Hill - Men,Senior,889555,33824
644181,Team - Men,Team - Men,Senior,620,32737
644182,Parallel Bars - Men,Parallel Bars - Men,Senior,575,32737
644183,Beam - Women,Beam - Women,Senior,1197,32737
645830,15km Mass Start - Men,15km Mass Start - Men,Senior,406,33827
645831,Super G - Women,Super G - Women,Senior,6814,33818
645832,Slalom - Men,Slalom - Men,Senior,461,33818
645833,4 x 10km Relay - Men,4 x 10km Relay - Men,Senior,536,33828
645834,10km Freestyle - Women,10km Freestyle - Women,Senior,895628,33828
645835,Ski Cross - Men,Ski Cross - Men,Senior,637,33829
645836,Singles - Women,Singles - Women,Senior,6646,33826
645837,5000m - Men,5000m - Men,Senior,139,33816
645838,500m - Women,500m - Women,Senior,27828,33816
645839,Mass Start 16 Laps - Women,Mass Start 16 Laps - Women,Senior,27824,33816
645840,1500m - Men,1500m - Men,Senior,420,33831
645841,5000m Relay - Men,5000m Relay - Men,Senior,122,33831
645842,Halfpipe - Men,Halfpipe - Men,Senior,889307,33830
645843,Big Air - Men,Big Air - Men,Senior,889576,33830
645844,Snowboard Cross - Women,Snowboard Cross - Women,Senior,6651,33830
645888,4 x 200m Freestyle Relay - Men,4 x 200m Freestyle Relay - Men,Senior,326,33971
645889,200m Backstroke - Women,200m Backstroke - Women,Senior,6562,33971
645890,10km - Women,10km - Women,Senior,6607,35966
645891,10km - Men,10km - Men,Senior,3390,35966
645892,Individual - Open,Individual - Open,Senior,6795,35903
645900,Combined (B+L+S) - Men,Combined (B+L+S) - Men,Senior,5460,35915
645905,Individual - Men,Individual - Men,Senior,212,35891
647085,200m - Men,200m - Men,Senior,144,35870
647086,10000m - Men,10000m - Men,Senior,440,35870
647087,1500m - Women,1500m - Women,Senior,6556,35870
647088,High Jump - Women,High Jump - Women,Senior,6842,35870
647089,Long Jump - Women,Long Jump - Women,Senior,6615,35870
647090,Shot Put - Women,Shot Put - Women,Senior,6843,35870
647091,Hammer Throw - Women,Hammer Throw - Women,Senior,6763,35870
647092,Javelin Throw - Women,Javelin Throw - Women,Senior,6655,35870
647623,Individual - Women,Individual - Women,Senior,6498,35892
647624,470 - Women,470 - Women,Senior,6657,35877
647625,49er FX - Women,49er FX - Women,Senior,1281,35877
647626,Individual time trial - Men,Individual time trial - Men,Senior,2,35085
647627,Horizontal Bar - Men,Horizontal Bar - Men,Senior,600,35911
647628,Individual Trampoline - Men,Individual Trampoline - Men,Senior,567,35912
647629,K4 500m - Men,K4 500m - Men,Senior,275,35907
647630,K2 500m - Women,K2 500m - Women,Senior,6581,35907
647631,C2 500m - Women,C2 500m - Women,Senior,6767,35907
647632,Madison - Men,Madison - Men,Senior,267,35902
647633,Sprint - Women,Sprint - Women,Senior,6544,35902
647634,Team Pursuit (4km) - Women,Team Pursuit (4km) - Women,Senior,6694,35902
647665,Team Relay - Mixed,Team Relay - Mixed,Senior,6549,35890
650769,87kg - Women,87kg - Women,Senior,26497,35778
655051,200m - Men,200m - Men,Senior,144,58803
655052,800m - Men,800m - Men,Senior,299,58803
655053,1500m - Men,1500m - Men,Senior,8,58803
655054,400m Hurdles - Women,400m Hurdles - Women,Senior,6529,58803
655055,3000m Steeplechase - Women,3000m Steeplechase - Women,Senior,6589,58803
655056,20km Walk - Women,20km Walk - Women,Senior,6868,58803
655057,Marathon - Women,Marathon - Women,Senior,6617,58803
655058,10m Air Rifle - Women,10m Air Rifle - Women,Senior,6593,58850
655059,Skeet - Team (Mixed) - Mixed,Skeet - Team (Mixed) - Mixed,Senior,896810,58850
655060,Team Relay - Mixed,Team Relay - Mixed,Senior,6549,58851
655061,Team Pursuit (4km) - Men,Team Pursuit (4km) - Men,Senior,130,58839
655062,Omnium - Men,Omnium - Men,Senior,430,58839
655063,Madison - Men,Madison - Men,Senior,267,58839
655064,Team - Open,Team - Open,Senior,6700,58841
655068,10km - Men,10km - Men,Senior,3390,58828
655069,Four - Men,Four - Men,Senior,348,58848
655070,Eight - Women,Eight - Women,Senior,6536,58848
655091,Duet - Women,Duet - Women,Senior,819,58831
655117,1500m Freestyle - Women,1500m Freestyle - Women,Senior,6603,58829
655118,100m Backstroke - Women,100m Backstroke - Women,Senior,6566,58829
655119,100m Breaststroke - Men,100m Breaststroke - Men,Senior,177,58829
655120,200m Breaststroke - Men,200m Breaststroke - Men,Senior,321,58829
655121,100m Butterfly - Men,100m Butterfly - Men,Senior,178,58829
655122,4 x 100m Medley Relay - Men,4 x 100m Medley Relay - Men,Senior,325,58829
655123,49er FX - Women,49er FX - Women,Senior,1281,58849
655141,Recurve Team - Mixed,Recurve Team - Mixed,Senior,27754,58832
655142,Recurve Team - Men,Recurve Team - Men,Senior,213,58832
655143,Individual - Men,Individual - Men,Senior,212,58832
655495,Floor Exercise - Men,Floor Exercise - Men,Senior,599,58844
655496,Pommel Horse - Men,Pommel Horse - Men,Senior,601,58844
655497,Individual All-Around - Women,Individual All-Around - Women,Senior,992,58845
655498,Group All-Around - Women,Group All-Around - Women,Senior,1192,58845
655499,Individual Trampoline - Women,Individual Trampoline - Women,Senior,6773,58846
662386,Individual - Women,Individual - Women,Senior,6648,29990
662387,Trap - Women,Trap - Women,Senior,6631,29865
662388,RS:X - Men,RS:X - Men,Senior,462,30131
662389,RS:X - Women,RS:X - Women,Senior,6587,30131
662390,470 - Women,470 - Women,Senior,6657,30131
662391,49er FX - Women,49er FX - Women,Senior,1281,30131
662392,ILCA 6 - Women,ILCA 6 - Women,Senior,6652,30131
662394,3m Springboard Synchro - Women,3m Springboard Synchro - Women,Senior,6644,20759
662395,10m Platform Synchro - Women,10m Platform Synchro - Women,Senior,27663,20759
662396,10000m - Women,10000m - Women,Senior,6616,30322
662397,Heptathlon - Women,Heptathlon - Women,Senior,797,30322
662398,Long Jump - Men,Long Jump - Men,Senior,302,30322
662399,3000m Steeplechase - Men,3000m Steeplechase - Men,Senior,146,30322
662400,Decathlon - Men,Decathlon - Men,Senior,148,30322
662401,Individual - Women,Individual - Women,Senior,6501,29912
662402,Recurve Team - Women,Recurve Team - Women,Senior,6500,29912
662403,Recurve Team - Men,Recurve Team - Men,Senior,213,29912
662404,69kg - Women,69kg - Women,Senior,889512,29921
662405,85kg - Men,85kg - Men,Senior,889522,29921
662406,94kg - Men,94kg - Men,Senior,68,29921
662407,105kg - Men,105kg - Men,Senior,500,29921
662408,Individual - Open,Individual - Open,Senior,6795,29126
662409,Pair - Women,Pair - Women,Senior,6522,29998
662410,Quadruple Sculls - Men,Quadruple Sculls - Men,Senior,203,29998
662411,Eight - Men,Eight - Men,Senior,200,29998
662412,100m Freestyle - Men,100m Freestyle - Men,Senior,179,30060
662413,200m Breaststroke - Men,200m Breaststroke - Men,Senior,321,30060
662414,50m Freestyle - Women,50m Freestyle - Women,Senior,6637,30060
665335,Single - Men,Single - Men,Senior,91,33823
665414,Team - Women,Team - Women,Senior,6542,32737
665415,Vault - Women,Vault - Women,Senior,6628,32737
665416,Vault - Men,Vault - Men,Senior,602,32737
665417,Uneven Bars - Women,Uneven Bars - Women,Senior,1227,32737
665418,Floor Exercise - Women,Floor Exercise - Women,Senior,6541,32737
666511,12.5km Pursuit - Men,12.5km Pursuit - Men,Senior,532,33827
666512,7.5km Sprint - Women,7.5km Sprint - Women,Senior,6803,33827
666513,4-Man Competition - Open,4-Man Competition - Open,Senior,895209,33822
666514,Team - Mixed,Team - Mixed,Senior,1449,33818
666515,4 x 5km Relay - Women,4 x 5km Relay - Women,Senior,894167,33828
666516,Moguls - Men,Moguls - Men,Senior,119,33829
666517,Pairs - Mixed,Pairs - Mixed,Senior,1446,33826
666518,Team Pursuit 8 Laps - Men,Team Pursuit 8 Laps - Men,Senior,4,33816
666519,500m - Men,500m - Men,Senior,260,33831
666558,4 x 100m Freestyle Relay - Men,4 x 100m Freestyle Relay - Men,Senior,184,33971
666559,200m Butterfly - Women,200m Butterfly - Women,Senior,6604,33971
666560,200m Individual Medley - Men,200m Individual Medley - Men,Senior,322,33971
666561,100m Butterfly - Men,100m Butterfly - Men,Senior,178,33971
666562,50m Freestyle - Women,50m Freestyle - Women,Senior,6637,33971
667220,1500m - Men,1500m - Men,Senior,8,35870
667221,5000m - Men,5000m - Men,Senior,147,35870
667222,Hammer Throw - Men,Hammer Throw - Men,Senior,448,35870
667223,50km Walk - Men,50km Walk - Men,Senior,15,35870
667224,5000m - Women,5000m - Women,Senior,6618,35870
667225,400m Hurdles - Women,400m Hurdles - Women,Senior,6529,35870
667653,4 x 400m Relay - Mixed,4 x 400m Relay - Mixed,Senior,6907,35870
667654,Individual - Men,Individual - Men,Senior,217,35892
667655,ILCA 7 - Men,ILCA 7 - Men,Senior,28,35877
667656,Finn - Men,Finn - Men,Senior,463,35877
667657,Nacra 17 - Mixed,Nacra 17 - Mixed,Senior,1473,35877
667658,Freestyle Park - Women,Freestyle Park - Women,Senior,6965,56682
667659,Vault - Women,Vault - Women,Senior,6628,35911
667660,Parallel Bars - Men,Parallel Bars - Men,Senior,575,35911
667661,Individual Trampoline - Women,Individual Trampoline - Women,Senior,6773,35912
667662,C2 1000m - Men,C2 1000m - Men,Senior,554,35907
667663,Individual - Open,Individual - Open,Senior,6675,35904
667664,Individual - Open,Individual - Open,Senior,6683,35906
667665,Keirin - Men,Keirin - Men,Senior,265,35902
667666,Omnium - Women,Omnium - Women,Senior,6691,35902
667667,Madison - Women,Madison - Women,Senior,6695,35902
667668,Eight - Men,Eight - Men,Senior,200,35888
667669,800m Freestyle - Men,800m Freestyle - Men,Senior,332,33971
667670,1500m Freestyle - Women,1500m Freestyle - Women,Senior,6603,33971
667707,10m Air Pistol - Men,10m Air Pistol - Men,Senior,379,35894
669338,61kg - Men,61kg - Men,Senior,26489,35778
672103,100m - Men,100m - Men,Senior,289,58803
672104,3000m Steeplechase - Men,3000m Steeplechase - Men,Senior,146,58803
672105,Shot Put - Men,Shot Put - Men,Senior,18,58803
672106,Discus Throw - Women,Discus Throw - Women,Senior,6704,58803
672107,Street - Women,Street - Women,Senior,6980,58853
672108,Trap - Men,Trap - Men,Senior,376,58850
672109,Trap - Women,Trap - Women,Senior,6631,58850
672110,Team Sprint (3 Persons) - Men,Team Sprint (3 Persons) - Men,Senior,981,58839
672111,K1 500m - Women,K1 500m - Women,Senior,6580,58833
672112,C2 500m - Women,C2 500m - Women,Senior,6767,58833
672117,Individual - Men,Individual - Men,Senior,631,58836
672118,Individual - Women,Individual - Women,Senior,6508,58836
672119,Single Sculls - Women,Single Sculls - Women,Senior,6620,58848
672120,Quadruple Sculls - Women,Quadruple Sculls - Women,Senior,6518,58848
672140,3m Springboard Synchro - Men,3m Springboard Synchro - Men,Senior,335,58830
672141,10m Platform Synchro - Men,10m Platform Synchro - Men,Senior,334,58830
672167,200m Backstroke - Women,200m Backstroke - Women,Senior,6562,58829
672168,400m Individual Medley - Women,400m Individual Medley - Women,Senior,6600,58829
672169,ILCA 6 - Women,ILCA 6 - Women,Senior,6652,58849
672202,Individual All-Around - Men,Individual All-Around - Men,Senior,574,58844
672203,Individual All-Around - Women,Individual All-Around - Women,Senior,6540,58844
672208,Combined (B+L) - Women,Combined (B+L) - Women,Senior,897326,59010
672215,Individual - Women,Individual - Women,Senior,6648,58843
676673,61kg - Men,61kg - Men,Senior,26489,58852
676674,73kg - Men,73kg - Men,Senior,26490,58852
676675,89kg - Men,89kg - Men,Senior,892781,58852
676676,102kg - Men,102kg - Men,Senior,892786,58852
676677,+102kg - Men,+102kg - Men,Senior,896729,58852
676678,49kg - Women,49kg - Women,Senior,26322,58852
676679,59kg - Women,59kg - Women,Senior,1323,58852
676680,71kg - Women,71kg - Women,Senior,892800,58852
676681,81kg - Women,81kg - Women,Senior,26496,58852
676682,+81kg - Women,+81kg - Women,Senior,896736,58852
678909,51kg - Men,51kg - Men,Senior,897749,58813
678910,57kg - Men,57kg - Men,Senior,897748,58813
678911,63.5kg - Men,63.5kg - Men,Senior,897751,58813
678912,71kg - Men,71kg - Men,Senior,897750,58813
678913,80kg - Men,80kg - Men,Senior,897752,58813
678914,92kg - Men,92kg - Men,Senior,897758,58813
678915,+92kg - Men,+92kg - Men,Senior,897733,58813
678916,50kg - Women,50kg - Women,Senior,897756,58813
678917,54kg - Women,54kg - Women,Senior,897754,58813
678918,57kg - Women,57kg - Women,Senior,1257,58813
678919,60kg - Women,60kg - Women,Senior,1258,58813
678920,66kg - Women,66kg - Women,Senior,897755,58813
678921,75kg - Women,75kg - Women,Senior,897757,58813
678923,Team - Men,Team - Men,Senior,280,86591
678924,Team - Women,Team - Women,Senior,6788,86591
678925,42km Race Walk Team - Mixed,42km Race Walk Team - Mixed,Senior,900707,58803
713773,Individual - Men,Individual - Men,Senior,897394,94183
713774,Individual - Women,Individual - Women,Senior,897393,94183
