id_epreuve,epreuve,epreuve_genre,epreuve_type,est_epreuve_individuelle,est_epreuve_olympique,est_epreuve_ete,est_epreuve_handi,epreuve_sens_resultat,id_discipline_administrative,discipline_administrative,id_specialite,specialite,id_sport
1,Course sur route - Hommes,Hommes,Individuel,1,1,1,0,0,23,Route,50,Course en ligne,37
2,Contre la montre - Hommes,Hommes,Individuel,1,1,1,0,0,23,Route,49,Course contre la montre,37
4,Par équipes Pursuit 8 Laps - Hommes,Hommes,Equipe,0,1,0,0,0,401,Patinage de vitesse sur glace grande piste,289,Longue piste,40
5,Simple - Hommes,Hommes,Individuel,1,1,1,0,0,130,Tennis,207,Tennis,68
8,1500m - Hommes,Hommes,Individuel,1,1,1,0,0,251,Athlétisme disciplines olympiques,9,Demi-fond,28
13,Relais 4 x 400m - Hommes,Hommes,Equipe,0,1,1,0,0,251,Athlétisme disciplines olympiques,16,Relais,28
15,50km Marche - Hommes,Hommes,Individuel,1,0,1,0,0,251,Athlétisme disciplines olympiques,15,Marche athlétique,28
18,Poids - Hommes,Hommes,Individuel,1,1,1,0,1,251,Athlétisme disciplines olympiques,13,Lancers,28
24,Combiné alpin - Hommes,Hommes,Individuel,1,1,0,0,0,107,Ski alpin,257,Ski alpin,34
25,Descente - Hommes,Hommes,Individuel,1,1,0,0,0,107,Ski alpin,257,Ski alpin,34
26,Super G - Hommes,Hommes,Individuel,1,1,0,0,0,107,Ski alpin,257,Ski alpin,34
27,49er - Hommes,Hommes,Double,0,1,1,0,0,144,Dériveur,231,Haute performance,1
28,ILCA 7 - Hommes,Hommes,Individuel,1,1,1,0,0,144,Dériveur,232,Solitaire,1
38,400m 4 nages (individuel) - Hommes,Hommes,Individuel,1,1,1,0,0,355,Natation course,150,Natation course bassin de 50m,65
39,3m Tremplin - Hommes,Hommes,Individuel,1,1,1,0,1,84,Plongeon,151,Plongeon,3
40,Double - Hommes,Hommes,Double,0,1,1,0,1,9,Badminton,92,Badminton,55
42,Poids mouche - Hommes (51kg) OG,Hommes,Individuel,1,0,1,0,0,360,Boxe anglaise,37,Boxe anglaise,60
48,+100kg - Hommes,Hommes,Individuel,1,1,1,0,0,68,Judo,112,Judo,61
49,73kg - Hommes,Hommes,Individuel,1,1,1,0,0,68,Judo,112,Judo,61
52,Par équipes - Hommes,Hommes,Equipe,0,1,1,0,0,131,Tennis de table,208,Tennis de table,19
67,69kg - Hommes,Hommes,Individuel,1,0,1,0,1,45,Haltérophilie,89,Total Olympique,29
68,94kg - Hommes,Hommes,Individuel,1,0,1,0,1,45,Haltérophilie,89,Total Olympique,29
73,Par équipes Sabre - Hommes,Hommes,Equipe,0,1,1,0,1,35,Sabre,68,Sabre,33
78,10m Carabine à air comprimé - Hommes,Hommes,Individuel,1,1,1,0,1,136,Carabine,210,10 mètres,66
87,58kg - Hommes - JO,Hommes,Individuel,1,1,1,0,0,129,Taekwondo,203,Combat,32
91,Single - Hommes,Hommes,Individuel,1,1,0,0,0,119,Luge,325,Luge,44
101,Relais 4 x 7.5km - Hommes,Hommes,Equipe,0,1,0,0,0,109,Biathlon,246,Biathlon,41
109,15km Style classique - Hommes,Hommes,Individuel,1,0,0,0,0,108,Ski de fond,258,Ski de fond,67
110,15km Style libre - Hommes,Hommes,Individuel,1,1,0,0,0,108,Ski de fond,258,Ski de fond,67
114,2 x 15km Skiathlon - Hommes,Hommes,Individuel,1,1,0,0,0,108,Ski de fond,258,Ski de fond,67
117,Saut acrobatique - Hommes,Hommes,Individuel,1,1,0,0,1,110,Ski freestyle,259,Ski freestyle,6
119,Bosses - Hommes,Hommes,Individuel,1,1,0,0,1,110,Ski freestyle,259,Ski freestyle,6
122,5000m Relais - Hommes,Hommes,Equipe,0,1,0,0,0,400,Patinage de vitesse sur glace courte piste,288,Short track,21
130,Poursuite Par équipes - Hommes,Hommes,Equipe,0,1,1,0,0,22,Piste,47,Endurance,13
138,1000m - Hommes,Hommes,Individuel,1,1,0,0,0,401,Patinage de vitesse sur glace grande piste,289,Longue piste,40
139,5000m - Hommes,Hommes,Individuel,1,1,0,0,0,401,Patinage de vitesse sur glace grande piste,289,Longue piste,40
140,Double - Hommes,Hommes,Double,0,1,1,0,0,130,Tennis,207,Tennis,68
144,200m - Hommes,Hommes,Individuel,1,1,1,0,0,251,Athlétisme disciplines olympiques,18,Sprint,28
146,3000m Steeplechase - Hommes,Hommes,Individuel,1,1,1,0,0,251,Athlétisme disciplines olympiques,9,Demi-fond,28
147,5000m - Hommes,Hommes,Individuel,1,1,1,0,0,251,Athlétisme disciplines olympiques,11,Fond,28
148,Decathlon - Hommes,Hommes,Individuel,1,1,1,0,1,251,Athlétisme disciplines olympiques,10,Epreuves combinées,28
149,Disque - Hommes,Hommes,Individuel,1,1,1,0,1,251,Athlétisme disciplines olympiques,13,Lancers,28
153,Javelot - Hommes,Hommes,Individuel,1,1,1,0,1,251,Athlétisme disciplines olympiques,13,Lancers,28
154,Marathon - Hommes,Hommes,Individuel,1,1,1,0,0,251,Athlétisme disciplines olympiques,14,Marathon,28
155,Perche - Hommes,Hommes,Individuel,1,1,1,0,1,251,Athlétisme disciplines olympiques,17,Sauts,28
156,Triple saut - Hommes,Hommes,Individuel,1,1,1,0,1,251,Athlétisme disciplines olympiques,17,Sauts,28
157,Hockey Equipe H,Hommes,Equipe,0,1,1,0,0,67,Hockey sur gazon,111,Hockey sur gazon,25
165,470 - Hommes,Hommes,Double,0,0,1,0,0,144,Dériveur,231,Haute performance,1
176,100m Dos - Hommes,Hommes,Individuel,1,1,1,0,0,355,Natation course,150,Natation course bassin de 50m,65
177,100m Brasse - Hommes,Hommes,Individuel,1,1,1,0,0,355,Natation course,150,Natation course bassin de 50m,65
178,100m Papillon - Hommes,Hommes,Individuel,1,1,1,0,0,355,Natation course,150,Natation course bassin de 50m,65
179,100m Nage libre - Hommes,Hommes,Individuel,1,1,1,0,0,355,Natation course,150,Natation course bassin de 50m,65
181,1500m Nage libre - Hommes,Hommes,Individuel,1,1,1,0,0,355,Natation course,150,Natation course bassin de 50m,65
182,200m Papillon - Hommes,Hommes,Individuel,1,1,1,0,0,355,Natation course,150,Natation course bassin de 50m,65
183,200m Nage libre - Hommes,Hommes,Individuel,1,1,1,0,0,355,Natation course,150,Natation course bassin de 50m,65
184,Relais 4 x 100m Nage libre - Hommes,Hommes,Equipe,0,1,1,0,0,355,Natation course,150,Natation course bassin de 50m,65
189,Simple - Hommes,Hommes,Individuel,1,1,1,0,0,9,Badminton,92,Badminton,55
194,Poids lourd - Hommes,Hommes,Individuel,1,0,1,0,0,360,Boxe anglaise,37,Boxe anglaise,60
198,Deux sans barreur - Hommes,Hommes,Equipe,0,1,1,0,0,8,Aviron,25,Aviron,15
200,Huit avec barreur - Hommes,Hommes,Equipe,0,1,1,0,0,8,Aviron,25,Aviron,15
203,Quatre de couple - Hommes,Hommes,Equipe,0,1,1,0,0,8,Aviron,25,Aviron,15
204,Simple - Hommes,Hommes,Individuel,1,1,1,0,0,131,Tennis de table,208,Tennis de table,19
212,Individuel - Hommes,Hommes,Individuel,1,1,1,0,1,368,Tir à l'arc sur cibles,221,Arc classique,10
213,Classique Par équipes - Hommes,Hommes,Equipe,0,1,1,0,1,368,Tir à l'arc sur cibles,221,Arc classique,10
217,Individuel - Hommes,Hommes,Individuel,1,1,1,0,1,97,Pentathlon moderne,161,Pentathlon moderne,16
219,Individuel Sabre - Hommes,Hommes,Individuel,1,1,1,0,0,35,Sabre,68,Sabre,33
224,25m Pistolet tir rapide - Hommes,Hommes,Individuel,1,1,1,0,1,137,Pistolet,217,25 mètres,66
232,68kg - Hommes - JO,Hommes,Individuel,1,1,1,0,0,129,Taekwondo,203,Combat,32
233,+80kg - Hommes - JO,Hommes,Individuel,1,1,1,0,0,129,Taekwondo,203,Combat,32
237,Par équipes - Hommes,Hommes,Equipe,0,1,0,0,0,118,Curling,323,Curling,20
247,Individuel 20km - Hommes,Hommes,Individuel,1,1,0,0,0,109,Biathlon,246,Biathlon,41
253,50km Style classique - Hommes,Hommes,Individuel,1,1,0,0,0,108,Ski de fond,258,Ski de fond,67
258,1000m - Hommes,Hommes,Individuel,1,1,0,0,0,400,Patinage de vitesse sur glace courte piste,288,Short track,21
260,500m - Hommes,Hommes,Individuel,1,1,0,0,0,400,Patinage de vitesse sur glace courte piste,288,Short track,21
263,Sprint individuel - Hommes,Hommes,Individuel,1,1,1,0,0,22,Piste,48,Sprint,13
265,Keirin - Hommes,Hommes,Individuel,1,1,1,0,0,22,Piste,48,Sprint,13
267,Madison - Hommes,Hommes,Equipe,0,1,1,0,1,22,Piste,47,Endurance,13
271,Individuel - Hommes,Hommes,Individuel,1,1,0,0,0,153,Skeleton,328,Skeleton,9
274,K1 200m - Hommes,Hommes,Individuel,1,0,1,0,0,397,Kayak,403,Course en ligne,54
275,K4 500m - Hommes,Hommes,Equipe,0,1,1,0,0,397,Kayak,403,Course en ligne,54
279,K1 - Hommes,Hommes,Individuel,1,1,1,0,0,397,Kayak,406,Slalom,56
280,Football Equipes H,Hommes,Equipe,0,1,1,0,0,36,Football,77,Football,49
289,100m - Hommes,Hommes,Individuel,1,1,1,0,0,251,Athlétisme disciplines olympiques,18,Sprint,28
291,20km Marche - Hommes,Hommes,Individuel,1,1,1,0,0,251,Athlétisme disciplines olympiques,15,Marche athlétique,28
296,400m - Hommes,Hommes,Individuel,1,1,1,0,0,251,Athlétisme disciplines olympiques,18,Sprint,28
299,800m - Hommes,Hommes,Individuel,1,1,1,0,0,251,Athlétisme disciplines olympiques,9,Demi-fond,28
302,Longueur - Hommes,Hommes,Individuel,1,1,1,0,1,251,Athlétisme disciplines olympiques,17,Sauts,28
310,Slalom géant - Hommes,Hommes,Individuel,1,1,0,0,0,107,Ski alpin,257,Ski alpin,34
321,200m Brasse - Hommes,Hommes,Individuel,1,1,1,0,0,355,Natation course,150,Natation course bassin de 50m,65
322,200m 4 nages (individuel) - Hommes,Hommes,Individuel,1,1,1,0,0,355,Natation course,150,Natation course bassin de 50m,65
325,Relais 4 x 100m 4 nages - Hommes,Hommes,Equipe,0,1,1,0,0,355,Natation course,150,Natation course bassin de 50m,65
326,Relais 4 x 200m Nage libre - Hommes,Hommes,Equipe,0,1,1,0,0,355,Natation course,150,Natation course bassin de 50m,65
331,50m Nage libre - Hommes,Hommes,Individuel,1,1,1,0,0,355,Natation course,150,Natation course bassin de 50m,65
332,800m Nage libre - Hommes,Hommes,Individuel,1,1,1,0,0,355,Natation course,150,Natation course bassin de 50m,65
333,10m Plateforme - Hommes,Hommes,Individuel,1,1,1,0,1,84,Plongeon,151,Plongeon,3
334,10m Plateforme Synchro - Hommes,Hommes,Equipe,0,1,1,0,1,84,Plongeon,151,Plongeon,3
335,3m Tremplin Synchro - Hommes,Hommes,Equipe,0,1,1,0,1,84,Plongeon,151,Plongeon,3
338,Poids plume - Hommes (57kg) OG,Hommes,Individuel,1,0,1,0,0,360,Boxe anglaise,37,Boxe anglaise,60
339,Poids léger - Hommes (61kg),Hommes,Individuel,1,0,1,0,0,360,Boxe anglaise,37,Boxe anglaise,60
340,Poids lourd-léger - Hommes (79kg),Hommes,Individuel,1,0,1,0,0,360,Boxe anglaise,37,Boxe anglaise,60
341,Golf Individuel - Hommes,Hommes,Individuel,1,1,1,0,0,38,Golf,81,Golf,48
342,Handball Equipe H,Hommes,Equipe,0,1,1,0,0,47,Handball,91,Handball,31
345,100kg - Hommes,Hommes,Individuel,1,1,1,0,0,68,Judo,112,Judo,61
346,90kg - Hommes,Hommes,Individuel,1,1,1,0,0,68,Judo,112,Judo,61
347,60kg - Hommes,Hommes,Individuel,1,1,1,0,0,68,Judo,112,Judo,61
348,Quatre sans barreur - Hommes,Hommes,Equipe,0,1,1,0,0,8,Aviron,25,Aviron,15
349,Deux de couple - Hommes,Hommes,Equipe,0,1,1,0,0,8,Aviron,25,Aviron,15
351,Skiff - Hommes,Hommes,Equipe,0,1,1,0,0,8,Aviron,25,Aviron,15
353,Distance Olympique - Hommes,Hommes,Individuel,1,1,1,0,0,142,Triathlon,225,Formats olympiques,11
372,Par équipes Épée - Hommes,Hommes,Equipe,0,1,1,0,1,33,Epée,66,Epée,33
376,Trap - Hommes,Hommes,Individuel,1,1,1,0,1,275,Plateau,218,Fosse olympique,66
379,10m Pistolet à air comprimé - Hommes,Hommes,Individuel,1,1,1,0,1,137,Pistolet,216,10 mètres,66
391,2-Man Competition - Hommes,Hommes,Equipe,0,1,0,0,0,117,Bobsleigh,322,Bobsleigh,30
404,Singles - Hommes,Hommes,Individuel,1,1,0,0,1,120,Patinage artistique,326,Patinage artistique,57
406,Mass Start 15km - Hommes,Hommes,Individuel,1,1,0,0,0,109,Biathlon,246,Biathlon,41
409,50km Style libre - Hommes,Hommes,Individuel,1,0,0,0,0,108,Ski de fond,258,Ski de fond,67
416,Snowboard Cross - Hommes,Hommes,Individuel,1,1,0,0,0,111,Surf des neiges,260,Snowboard,23
420,1500m - Hommes,Hommes,Individuel,1,1,0,0,0,400,Patinage de vitesse sur glace courte piste,288,Short track,21
430,Omnium - Hommes,Hommes,Individuel,1,1,1,0,0,22,Piste,47,Endurance,13
433,500m - Hommes,Hommes,Individuel,1,1,0,0,0,401,Patinage de vitesse sur glace grande piste,289,Longue piste,40
436,1500m - Hommes,Hommes,Individuel,1,1,0,0,0,401,Patinage de vitesse sur glace grande piste,289,Longue piste,40
437,10000m - Hommes,Hommes,Individuel,1,1,0,0,0,401,Patinage de vitesse sur glace grande piste,289,Longue piste,40
440,10000m - Hommes,Hommes,Individuel,1,1,1,0,0,251,Athlétisme disciplines olympiques,11,Fond,28
441,110m Haies - Hommes,Hommes,Individuel,1,1,1,0,0,251,Athlétisme disciplines olympiques,12,Haies,28
444,Relais 4 x 100m - Hommes,Hommes,Equipe,0,1,1,0,0,251,Athlétisme disciplines olympiques,16,Relais,28
445,400m Haies - Hommes,Hommes,Individuel,1,1,1,0,0,251,Athlétisme disciplines olympiques,12,Haies,28
448,Marteau - Hommes,Hommes,Individuel,1,1,1,0,1,251,Athlétisme disciplines olympiques,13,Lancers,28
449,Hauteur - Hommes,Hommes,Individuel,1,1,1,0,1,251,Athlétisme disciplines olympiques,17,Sauts,28
454,Basket 5x5 Equipe H,Hommes,Equipe,0,1,1,0,0,358,Basketball 5x5,31,Basketball 5x5,7
455,Volley-Ball Equipe H,Hommes,Equipe,0,1,1,0,0,150,Volley-ball,241,Volley ball,53
460,Par équipes - Hommes,Hommes,Equipe,0,0,1,0,0,11,Baseball,28,Baseball,45
461,Slalom - Hommes,Hommes,Individuel,1,1,0,0,0,107,Ski alpin,257,Ski alpin,34
462,RS:X - Men,Hommes,Individuel,1,0,1,0,0,372,Planche à voile (windsurf),373,Windsurf,1
463,Finn - Hommes,Hommes,Individuel,1,0,1,0,0,144,Dériveur,231,Haute performance,1
471,200m Dos - Hommes,Hommes,Individuel,1,1,1,0,0,355,Natation course,150,Natation course bassin de 50m,65
474,400m Nage libre - Hommes,Hommes,Individuel,1,1,1,0,0,355,Natation course,150,Natation course bassin de 50m,65
478,Water-Polo Equipe H,Hommes,Equipe,0,1,1,0,0,85,Water polo,152,Water polo,52
480,Poids super-lourd - Hommes,Hommes,Individuel,1,0,1,0,0,360,Boxe anglaise,37,Boxe anglaise,60
481,67kg - Hommes,Hommes,Individuel,1,0,1,0,0,360,Boxe anglaise,37,Boxe anglaise,60
482,"Poids moyen - Hommes (72,5kg)",Hommes,Individuel,1,0,1,0,0,360,Boxe anglaise,37,Boxe anglaise,60
483,66kg - Hommes,Hommes,Individuel,1,1,1,0,0,68,Judo,112,Judo,61
484,81kg - Hommes,Hommes,Individuel,1,1,1,0,0,68,Judo,112,Judo,61
488,Deux de couple - Poids léger Hommes,Hommes,Equipe,0,1,1,0,0,8,Aviron,25,Aviron,15
500,105kg - Hommes,Hommes,Individuel,1,0,1,0,1,45,Haltérophilie,89,Total Olympique,29
503,Individuel Épée - Hommes,Hommes,Individuel,1,1,1,0,1,33,Epée,66,Epée,33
504,Individuel Fleuret - Hommes,Hommes,Individuel,1,1,1,0,0,34,Fleuret,67,Fleuret,33
505,Par équipes Fleuret - Hommes,Hommes,Equipe,0,1,1,0,0,34,Fleuret,67,Fleuret,33
509,Skeet - Hommes,Hommes,Individuel,1,1,1,0,1,275,Plateau,219,Skeet olympique,66
516,80kg - Hommes - JO,Hommes,Individuel,1,1,1,0,0,129,Taekwondo,203,Combat,32
531,Sprint 10km - Hommes,Hommes,Individuel,1,1,0,0,0,109,Biathlon,246,Biathlon,41
532,Poursuite 12.5km - Hommes,Hommes,Individuel,1,1,0,0,0,109,Biathlon,246,Biathlon,41
534,Relais 2 x 6 + 2 x 7.5km - Mixte,Mixte,Equipe,0,0,0,0,0,109,Biathlon,246,Biathlon,41
536,Relais 4 x 10km - Hommes,Hommes,Equipe,0,1,0,0,0,108,Ski de fond,258,Ski de fond,67
542,Beach-Volley Equipe H,Hommes,Double,0,1,1,0,1,151,Volley-ball de plage (beach volley),242,Beach volley,4
543,Cross Country - Hommes,Hommes,Individuel,1,1,1,0,0,256,VTT,54,Cross-country,12
552,C1 1000m - Hommes,Hommes,Individuel,1,1,1,0,0,398,Canoë,41,Course en ligne (sprint),54
554,C2 1000m - Hommes,Hommes,Double,0,0,1,0,0,398,Canoë,41,Course en ligne (sprint),54
567,Trampoline Individuel - Hommes,Hommes,Individuel,1,1,1,0,1,42,Trampoline,88,Trampoline,39
574,Concours général - Hommes,Hommes,Individuel,1,1,1,0,1,311,Gymnastique artistique masculine,84,Gymnastique artistique Masculine,26
575,Barres parallèles - Hommes,Hommes,Individuel,1,1,1,0,1,311,Gymnastique artistique masculine,84,Gymnastique artistique Masculine,26
591,K1 1000m - Hommes,Hommes,Individuel,1,1,1,0,0,397,Kayak,403,Course en ligne,54
593,K2 1000m - Hommes,Hommes,Double,0,0,1,0,0,397,Kayak,403,Course en ligne,54
595,C1 - Hommes,Hommes,Individuel,1,1,1,0,0,398,Canoë,42,Slalom,56
599,Sol - Hommes,Hommes,Individuel,1,1,1,0,1,311,Gymnastique artistique masculine,84,Gymnastique artistique Masculine,26
600,Barre fixe - Hommes,Hommes,Individuel,1,1,1,0,1,311,Gymnastique artistique masculine,84,Gymnastique artistique Masculine,26
601,Cheval d'arçons - Hommes,Hommes,Individuel,1,1,1,0,1,311,Gymnastique artistique masculine,84,Gymnastique artistique Masculine,26
602,Saut - Hommes,Hommes,Individuel,1,1,1,0,1,311,Gymnastique artistique masculine,84,Gymnastique artistique Masculine,26
618,Anneaux - Hommes,Hommes,Individuel,1,1,1,0,1,311,Gymnastique artistique masculine,84,Gymnastique artistique Masculine,26
620,GAM Par équipes - Hommes,Hommes,Equipe,0,1,1,0,1,311,Gymnastique artistique masculine,84,Gymnastique artistique Masculine,26
631,BMX Race - Hommes,Hommes,Individuel,1,1,1,0,0,25,BMX race,46,BMX race,17
632,Sprint Style classique - Hommes,Hommes,Individuel,1,1,0,0,0,108,Ski de fond,258,Ski de fond,67
634,Par équipes Sprint Style libre - Hommes,Hommes,Equipe,0,1,0,0,0,108,Ski de fond,258,Ski de fond,67
636,Par équipes Sprint Style classique - Hommes,Hommes,Equipe,0,0,0,0,0,108,Ski de fond,258,Ski de fond,67
637,Ski Cross - Hommes,Hommes,Individuel,1,1,0,0,0,110,Ski freestyle,259,Ski freestyle,6
664,Halfpipe - Hommes,Hommes,Individuel,1,1,0,0,1,110,Ski freestyle,259,Ski freestyle,6
685,50m Carabine 3 positions - Hommes,Hommes,Individuel,1,1,1,0,1,136,Carabine,211,50 mètres,66
692,65kg LL - Hommes,Hommes,Individuel,1,1,1,0,0,262,Lutte,130,Lutte libre,8
693,57kg LL- Hommes,Hommes,Individuel,1,1,1,0,0,262,Lutte,130,Lutte libre,8
694,86kg LL- Hommes,Hommes,Individuel,1,1,1,0,0,262,Lutte,130,Lutte libre,8
695,97kg LL - Hommes,Hommes,Individuel,1,1,1,0,0,262,Lutte,130,Lutte libre,8
696,125kg LL- Hommes,Hommes,Individuel,1,1,1,0,0,262,Lutte,130,Lutte libre,8
702,130kg GR - Hommes,Hommes,Individuel,1,1,1,0,0,262,Lutte,129,Lutte gréco-romaine,46
703,Rugby à 7 Equipe H,Hommes,Equipe,0,1,1,0,0,245,Rugby à 7,172,Rugby à 7,72
782,Mass Start 16 Laps - Hommes,Hommes,Individuel,1,1,0,0,1,401,Patinage de vitesse sur glace grande piste,289,Longue piste,40
797,Heptathlon - Femmes,Femmes,Individuel,1,1,1,0,1,251,Athlétisme disciplines olympiques,10,Epreuves combinées,28
819,Duo - Femmes,Femmes,Double,0,1,1,0,1,82,Natation artistique,149,Natation artistique,35
820,Par équipes - Femmes,Femmes,Equipe,0,0,1,0,1,82,Natation artistique,149,Natation artistique,35
825,48kg - Femmes,Femmes,Individuel,1,1,1,0,0,68,Judo,112,Judo,61
844,57kg - Femmes - JO,Femmes,Individuel,1,1,1,0,0,129,Taekwondo,203,Combat,32
845,49kg - Femmes - JO,Femmes,Individuel,1,1,1,0,0,129,Taekwondo,203,Combat,32
853,Mass Start 12.5km - Femmes,Femmes,Individuel,1,1,0,0,0,109,Biathlon,246,Biathlon,41
938,52kg - Femmes,Femmes,Individuel,1,1,1,0,0,68,Judo,112,Judo,61
941,78kg - Femmes,Femmes,Individuel,1,1,1,0,0,68,Judo,112,Judo,61
942,+78kg - Femmes,Femmes,Individuel,1,1,1,0,0,68,Judo,112,Judo,61
956,75kg - Femmes,Femmes,Individuel,1,0,1,0,1,45,Haltérophilie,89,Total Olympique,29
964,+67kg - Femmes - JO,Femmes,Individuel,1,1,1,0,0,129,Taekwondo,203,Combat,32
981,Sprint Par équipes - Hommes,Hommes,Equipe,0,1,1,0,0,22,Piste,48,Sprint,13
992,Concours multiple individuel - Femmes,Femmes,Individuel,1,1,1,0,1,40,Gymnastique rythmique,86,Individuelle,22
1041,63kg - Femmes,Femmes,Individuel,1,1,1,0,0,68,Judo,112,Judo,61
1042,70kg - Femmes,Femmes,Individuel,1,1,1,0,0,68,Judo,112,Judo,61
1074,Relais 4 x 6km - Femmes,Femmes,Equipe,0,1,0,0,0,109,Biathlon,246,Biathlon,41
1101,Par équipes Pursuit 6 Laps - Femmes,Femmes,Equipe,0,1,0,0,0,401,Patinage de vitesse sur glace grande piste,289,Longue piste,40
1136,57kg - Femmes,Femmes,Individuel,1,1,1,0,0,68,Judo,112,Judo,61
1156,-67kg - Femmes - JO,Femmes,Individuel,1,1,1,0,0,129,Taekwondo,203,Combat,32
1179,Sprint Par équipes (2 Personnes) - Femmes,Femmes,Equipe,0,0,1,0,0,22,Piste,48,Sprint,13
1192,Concours général ensembles - Femmes,Femmes,Equipe,0,1,1,0,1,40,Gymnastique rythmique,85,Ensemble,22
1197,Poutre - Femmes,Femmes,Individuel,1,1,1,0,1,310,Gymnastique artistique féminine,83,Gymnastique artistique féminine,26
1227,Barres asymétriques - Femmes,Femmes,Individuel,1,1,1,0,1,310,Gymnastique artistique féminine,83,Gymnastique artistique féminine,26
1254,Poids Mi-Mouche - Femmes (48kg),Femmes,Individuel,1,0,1,0,0,360,Boxe anglaise,37,Boxe anglaise,60
1257,57kg - Femmes,Femmes,Individuel,1,1,1,0,0,360,Boxe anglaise,37,Boxe anglaise,60
1258,60kg - Femmes,Femmes,Individuel,1,1,1,0,0,360,Boxe anglaise,37,Boxe anglaise,60
1260,Poids welter - Femmes (64kg),Femmes,Individuel,1,0,1,0,0,360,Boxe anglaise,37,Boxe anglaise,60
1261,Poids moyen - Femmes (69kg),Femmes,Individuel,1,0,1,0,0,360,Boxe anglaise,37,Boxe anglaise,60
1281,49er FX - Femmes,Femmes,Double,0,1,1,0,0,144,Dériveur,231,Haute performance,1
1298,53kg - Femmes,Femmes,Individuel,1,1,1,0,0,262,Lutte,128,Lutte féminine,8
1323,59kg - Femmes - JO,Femmes,Individuel,1,1,1,0,1,45,Haltérophilie,89,Total Olympique,29
1329,64kg - Femmes,Femmes,Individuel,1,0,1,0,1,45,Haltérophilie,89,Total Olympique,29
1338,76kg - Femmes,Femmes,Individuel,1,0,1,0,1,45,Haltérophilie,89,Total Olympique,29
1436,Ice Dance - Mixte,Mixte,Double,0,1,0,0,1,152,Danse sur glace,324,Danse sur glace,57
1445,Par équipes - Relais - Mixte,Mixte,Equipe,0,1,0,0,0,119,Luge,325,Luge,44
1446,Pairs - Mixte,Mixte,Double,0,1,0,0,1,120,Patinage artistique,326,Patinage artistique,57
1449,Par équipes - Mixte,Mixte,Equipe,0,0,0,0,0,107,Ski alpin,257,Ski alpin,34
1473,Nacra 17 - Mixte,Mixte,Double,0,1,1,0,0,146,Catamaran,226,Mixte,1
1736,74kg LL - Hommes,Hommes,Individuel,1,1,1,0,0,262,Lutte,130,Lutte libre,8
3390,10km - Hommes,Hommes,Individuel,1,1,1,0,0,83,Eau libre,148,Eau libre,114
5460,Épreuves combinées (B+D+V) - Hommes,Hommes,Individuel,1,0,1,0,0,72,Escalade,134,Combiné,116
5505,-75kg Kumite - Hommes,Hommes,Individuel,1,0,1,0,0,392,Kumité,378,Kumité,109
5507,-67kg Kumite - Hommes,Hommes,Individuel,1,0,1,0,0,392,Kumité,378,Kumité,109
5508,-61kg Kumite - Femmes,Femmes,Individuel,1,0,1,0,0,392,Kumité,378,Kumité,109
5533,Individual Kata - Hommes,Hommes,Individuel,1,0,1,0,0,391,Kata,377,Kata,109
5834,Shortboard - Hommes,Hommes,Individuel,1,1,1,0,1,127,Surf,200,Shortboard,115
5882,Skate Park - Hommes,Hommes,Individuel,1,1,1,0,1,246,Skateboard,170,Park,117
5884,Skate Street - Hommes,Hommes,Individuel,1,1,1,0,1,246,Skateboard,171,Street,117
5941,Saut acrobatique Par équipes - Mixte,Mixte,Equipe,0,1,0,0,1,110,Ski freestyle,259,Ski freestyle,6
6041,Doubles - Mixte,Mixte,Double,0,1,0,0,0,118,Curling,323,Curling,20
6086,BMX Freestyle - Hommes,Hommes,Individuel,1,1,1,0,1,286,BMX freestyle,45,Park,196
6424,67kg GR - Hommes,Hommes,Individuel,1,1,1,0,0,262,Lutte,129,Lutte gréco-romaine,46
6426,50kg - Femmes,Femmes,Individuel,1,1,1,0,0,262,Lutte,128,Lutte féminine,8
6427,97kg GR - Hommes,Hommes,Individuel,1,1,1,0,0,262,Lutte,129,Lutte gréco-romaine,46
6428,68kg - Femmes,Femmes,Individuel,1,1,1,0,0,262,Lutte,128,Lutte féminine,8
6450,Basket 3x3 Equipe H,Hommes,Equipe,0,1,1,0,0,288,Basketball 3x3,30,Basketball 3x3,121
6454,62kg - Femmes,Femmes,Individuel,1,1,1,0,0,262,Lutte,128,Lutte féminine,8
6465,Rugby à 7 Equipe F,Femmes,Equipe,0,1,1,0,0,245,Rugby à 7,172,Rugby à 7,72
6466,Simple - Femmes,Femmes,Individuel,1,1,1,0,0,130,Tennis,207,Tennis,68
6467,Double - Femmes,Femmes,Double,0,1,1,0,0,130,Tennis,207,Tennis,68
6468,Double - Mixte,Mixte,Double,0,1,1,0,0,130,Tennis,207,Tennis,68
6469,Hockey Equipe F,Femmes,Equipe,0,1,1,0,0,67,Hockey sur gazon,111,Hockey sur gazon,25
6471,Contre la montre - Femmes,Femmes,Individuel,1,1,1,0,0,23,Route,49,Course contre la montre,37
6472,Course sur route - Femmes,Femmes,Individuel,1,1,1,0,0,23,Route,50,Course en ligne,37
6475,Handball Equipe F,Femmes,Equipe,0,1,1,0,0,47,Handball,91,Handball,31
6477,Double - Femmes,Femmes,Double,0,1,1,0,1,9,Badminton,92,Badminton,55
6478,Double - Mixte,Mixte,Double,0,1,1,0,1,9,Badminton,92,Badminton,55
6479,Simple - Femmes,Femmes,Individuel,1,1,1,0,0,9,Badminton,92,Badminton,55
6481,Individuel Épée - Femmes,Femmes,Individuel,1,1,1,0,0,33,Epée,66,Epée,33
6482,25m Pistolet - Femmes,Femmes,Individuel,1,1,1,0,1,137,Pistolet,217,25 mètres,66
6483,10m Pistolet à air comprimé - Femmes,Femmes,Individuel,1,1,1,0,1,137,Pistolet,216,10 mètres,66
6486,-55kg Kumite - Femmes,Femmes,Individuel,1,0,1,0,0,392,Kumité,378,Kumité,109
6490,Par équipes Épée - Femmes,Femmes,Equipe,0,1,1,0,1,33,Epée,66,Epée,33
6493,Par équipes - Femmes,Femmes,Equipe,0,1,1,0,0,131,Tennis de table,208,Tennis de table,19
6495,Simple - Femmes,Femmes,Individuel,1,1,1,0,0,131,Tennis de table,208,Tennis de table,19
6498,Individuel - Femmes,Femmes,Individuel,1,1,1,0,1,97,Pentathlon moderne,161,Pentathlon moderne,16
6500,Classique Par équipes - Femmes,Femmes,Equipe,0,1,1,0,1,368,Tir à l'arc sur cibles,221,Arc classique,10
6501,Individuel - Femmes,Femmes,Individuel,1,1,1,0,1,368,Tir à l'arc sur cibles,221,Arc classique,10
6503,Individuel Fleuret - Femmes,Femmes,Individuel,1,1,1,0,0,34,Fleuret,67,Fleuret,33
6504,Par équipes Fleuret - Femmes,Femmes,Equipe,0,1,1,0,1,34,Fleuret,67,Fleuret,33
6507,Épreuves combinées (B+D+V) - Femmes,Femmes,Individuel,1,0,1,0,0,72,Escalade,134,Combiné,116
6508,BMX Race - Femmes,Femmes,Individuel,1,1,1,0,0,25,BMX race,46,BMX race,17
6511,Volley-Ball Equipe F,Femmes,Equipe,0,1,1,0,0,150,Volley-ball,241,Volley ball,53
6512,Beach-Volley Equipe F,Femmes,Double,0,1,1,0,1,151,Volley-ball de plage (beach volley),242,Beach volley,4
6516,Basket 3x3 Equipe F,Femmes,Equipe,0,1,1,0,0,288,Basketball 3x3,30,Basketball 3x3,121
6517,Basket 5x5 Equipe F,Femmes,Equipe,0,1,1,0,0,358,Basketball 5x5,31,Basketball 5x5,7
6518,Quatre de couple - Femmes,Femmes,Equipe,0,1,1,0,0,8,Aviron,25,Aviron,15
6521,Deux de couple - Femmes,Femmes,Equipe,0,1,1,0,0,8,Aviron,25,Aviron,15
6522,Deux sans barreur - Femmes,Femmes,Equipe,0,1,1,0,0,8,Aviron,25,Aviron,15
6523,Quatre sans barreur - Femmes,Femmes,Equipe,0,1,1,0,0,8,Aviron,25,Aviron,15
6524,Double - Mixte,Mixte,Double,0,1,1,0,1,131,Tennis de table,208,Tennis de table,19
6525,Relais 4 x 400m - Femmes,Femmes,Equipe,0,1,1,0,0,251,Athlétisme disciplines olympiques,16,Relais,28
6527,100m - Femmes,Femmes,Individuel,1,1,1,0,0,251,Athlétisme disciplines olympiques,18,Sprint,28
6528,400m - Femmes,Femmes,Individuel,1,1,1,0,0,251,Athlétisme disciplines olympiques,18,Sprint,28
6529,400m Haies - Femmes,Femmes,Individuel,1,1,1,0,0,251,Athlétisme disciplines olympiques,12,Haies,28
6536,Huit avec barreur - Femmes,Femmes,Equipe,0,1,1,0,0,8,Aviron,25,Aviron,15
6540,Concours général - Femmes,Femmes,Individuel,1,1,1,0,1,310,Gymnastique artistique féminine,83,Gymnastique artistique féminine,26
6541,Sol - Femmes,Femmes,Individuel,1,1,1,0,1,310,Gymnastique artistique féminine,83,Gymnastique artistique féminine,26
6542,GAF Par équipes - Femmes,Femmes,Equipe,0,1,1,0,1,310,Gymnastique artistique féminine,83,Gymnastique artistique féminine,26
6543,Keirin - Femmes,Femmes,Individuel,1,1,1,0,0,22,Piste,48,Sprint,13
6544,Sprint individuel - Femmes,Femmes,Individuel,1,1,1,0,0,22,Piste,48,Sprint,13
6547,Individuel Sabre - Femmes,Femmes,Individuel,1,1,1,0,0,35,Sabre,68,Sabre,33
6548,Par équipes Sabre - Femmes,Femmes,Equipe,0,1,1,0,0,35,Sabre,68,Sabre,33
6549,Relais par équipes - Mixte,Mixte,Equipe,0,1,1,0,0,142,Triathlon,225,Formats olympiques,11
6550,Par équipes - Femmes,Femmes,Equipe,0,0,1,0,0,12,Softball,29,Softball,51
6551,Perche - Femmes,Femmes,Individuel,1,1,1,0,1,251,Athlétisme disciplines olympiques,17,Sauts,28
6556,1500m - Femmes,Femmes,Individuel,1,1,1,0,0,251,Athlétisme disciplines olympiques,9,Demi-fond,28
6558,Distance Olympique - Femmes,Femmes,Individuel,1,1,1,0,0,142,Triathlon,225,Formats olympiques,11
6560,Relais 4 x 100m Nage libre - Femmes,Femmes,Equipe,0,1,1,0,0,355,Natation course,150,Natation course bassin de 50m,65
6561,200m Nage libre - Femmes,Femmes,Individuel,1,1,1,0,0,355,Natation course,150,Natation course bassin de 50m,65
6562,200m Dos - Femmes,Femmes,Individuel,1,1,1,0,0,355,Natation course,150,Natation course bassin de 50m,65
6563,400m Nage libre - Femmes,Femmes,Individuel,1,1,1,0,0,355,Natation course,150,Natation course bassin de 50m,65
6566,100m Dos - Femmes,Femmes,Individuel,1,1,1,0,0,355,Natation course,150,Natation course bassin de 50m,65
6567,Relais 4 x 200m Nage libre - Femmes,Femmes,Equipe,0,1,1,0,0,355,Natation course,150,Natation course bassin de 50m,65
6573,Deux de couple - Poids léger Femmes,Femmes,Equipe,0,1,1,0,0,8,Aviron,25,Aviron,15
6574,Relais 4 x 100m 4 nages - Mixte,Mixte,Equipe,0,1,1,0,0,355,Natation course,150,Natation course bassin de 50m,65
6577,K4 500m - Femmes,Femmes,Equipe,0,1,1,0,0,397,Kayak,403,Course en ligne,54
6580,K1 500m - Femmes,Femmes,Individuel,1,1,1,0,0,397,Kayak,403,Course en ligne,54
6581,K2 500m - Femmes,Femmes,Double,0,1,1,0,0,397,Kayak,403,Course en ligne,54
6582,K1 200m - Femmes,Femmes,Individuel,1,0,1,0,0,397,Kayak,403,Course en ligne,54
6584,K1 - Femmes,Femmes,Individuel,1,1,1,0,0,397,Kayak,406,Slalom,56
6586,800m - Femmes,Femmes,Individuel,1,1,1,0,0,251,Athlétisme disciplines olympiques,9,Demi-fond,28
6587,RS:X - Women,Femmes,Individuel,1,0,1,0,0,372,Planche à voile (windsurf),373,Windsurf,1
6589,3000m Steeplechase - Femmes,Femmes,Individuel,1,1,1,0,0,251,Athlétisme disciplines olympiques,9,Demi-fond,28
6590,100m Haies - Femmes,Femmes,Individuel,1,1,1,0,0,251,Athlétisme disciplines olympiques,12,Haies,28
6591,Triple saut - Femmes,Femmes,Individuel,1,1,1,0,1,251,Athlétisme disciplines olympiques,17,Sauts,28
6593,10m Carabine à air comprimé - Femmes,Femmes,Individuel,1,1,1,0,1,136,Carabine,210,10 mètres,66
6596,50m Carabine 3 positions - Femmes,Femmes,Individuel,1,1,1,0,1,136,Carabine,211,50 mètres,66
6600,400m 4 nages (individuel) - Femmes,Femmes,Individuel,1,1,1,0,0,355,Natation course,150,Natation course bassin de 50m,65
6601,200m 4 nages (individuel) - Femmes,Femmes,Individuel,1,1,1,0,0,355,Natation course,150,Natation course bassin de 50m,65
6602,200m Brasse - Femmes,Femmes,Individuel,1,1,1,0,0,355,Natation course,150,Natation course bassin de 50m,65
6603,1500m Nage libre - Femmes,Femmes,Individuel,1,1,1,0,0,355,Natation course,150,Natation course bassin de 50m,65
6604,200m Papillon - Femmes,Femmes,Individuel,1,1,1,0,0,355,Natation course,150,Natation course bassin de 50m,65
6607,10km - Femmes,Femmes,Individuel,1,1,1,0,0,83,Eau libre,148,Eau libre,114
6611,200m - Femmes,Femmes,Individuel,1,1,1,0,0,251,Athlétisme disciplines olympiques,18,Sprint,28
6612,Relais 4 x 100m - Femmes,Femmes,Equipe,0,1,1,0,0,251,Athlétisme disciplines olympiques,16,Relais,28
6615,Longueur - Femmes,Femmes,Individuel,1,1,1,0,1,251,Athlétisme disciplines olympiques,17,Sauts,28
6616,10000m - Femmes,Femmes,Individuel,1,1,1,0,0,251,Athlétisme disciplines olympiques,11,Fond,28
6617,Marathon - Femmes,Femmes,Individuel,1,1,1,0,0,251,Athlétisme disciplines olympiques,14,Marathon,28
6618,5000m - Femmes,Femmes,Individuel,1,1,1,0,0,251,Athlétisme disciplines olympiques,11,Fond,28
6620,Skiff - Femmes,Femmes,Equipe,0,1,1,0,0,8,Aviron,25,Aviron,15
6628,Saut - Femmes,Femmes,Individuel,1,1,1,0,1,310,Gymnastique artistique féminine,83,Gymnastique artistique féminine,26
6629,Par équipes - Mixte,Mixte,Equipe,0,1,1,0,0,68,Judo,112,Judo,61
6631,Trap - Femmes,Femmes,Individuel,1,1,1,0,1,275,Plateau,218,Fosse olympique,66
6634,Slopestyle - Femmes,Femmes,Individuel,1,1,0,0,1,110,Ski freestyle,259,Ski freestyle,6
6635,100m Nage libre - Femmes,Femmes,Individuel,1,1,1,0,0,355,Natation course,150,Natation course bassin de 50m,65
6637,50m Nage libre - Femmes,Femmes,Individuel,1,1,1,0,0,355,Natation course,150,Natation course bassin de 50m,65
6638,Relais 4 x 100m 4 nages - Femmes,Femmes,Equipe,0,1,1,0,0,355,Natation course,150,Natation course bassin de 50m,65
6643,3m Tremplin - Femmes,Femmes,Individuel,1,1,1,0,1,84,Plongeon,151,Plongeon,3
6644,3m Tremplin Synchro - Femmes,Femmes,Equipe,0,1,1,0,1,84,Plongeon,151,Plongeon,3
6645,10m Plateforme - Femmes,Femmes,Individuel,1,1,1,0,1,84,Plongeon,151,Plongeon,3
6646,Singles - Femmes,Femmes,Individuel,1,1,0,0,1,120,Patinage artistique,326,Patinage artistique,57
6647,Par équipes - Mixte,Mixte,Equipe,0,1,0,0,1,120,Patinage artistique,326,Patinage artistique,57
6648,Golf Individuel - Femmes,Femmes,Individuel,1,1,1,0,0,38,Golf,81,Golf,48
6651,Snowboard Cross - Femmes,Femmes,Individuel,1,1,0,0,0,111,Surf des neiges,260,Snowboard,23
6652,ILCA 6 - Femmes,Femmes,Individuel,1,1,1,0,0,144,Dériveur,232,Solitaire,1
6655,Javelot - Femmes,Femmes,Individuel,1,1,1,0,1,251,Athlétisme disciplines olympiques,13,Lancers,28
6657,470 - Femmes,Femmes,Double,0,0,1,0,0,144,Dériveur,231,Haute performance,1
6660,800m Nage libre - Femmes,Femmes,Individuel,1,1,1,0,0,355,Natation course,150,Natation course bassin de 50m,65
6675,Individuel CSO - Open,Open,Double,0,1,1,0,0,30,Saut d'obstacles,354,Saut d'obstacles,38
6676,Par équipes CSO - Open,Open,Equipe,0,1,1,0,0,30,Saut d'obstacles,354,Saut d'obstacles,38
6683,Individuel CCE - Open,Open,Double,0,1,1,0,0,28,Concours complet,350,Concours complet,14
6684,Par équipes CCE - Open,Open,Equipe,0,1,1,0,0,28,Concours complet,350,Concours complet,14
6688,100m Papillon - Femmes,Femmes,Individuel,1,1,1,0,0,355,Natation course,150,Natation course bassin de 50m,65
6691,Omnium - Femmes,Femmes,Individuel,1,1,1,0,0,22,Piste,47,Endurance,13
6694,Poursuite Par équipes - Femmes,Femmes,Equipe,0,1,1,0,0,22,Piste,47,Endurance,13
6695,Madison - Femmes,Femmes,Equipe,0,1,1,0,1,22,Piste,47,Endurance,13
6696,Cross Country - Femmes,Femmes,Individuel,1,1,1,0,0,256,VTT,54,Cross-country,12
6700,Par équipes Dressage - Open,Open,Equipe,0,1,1,0,1,29,Dressage,352,Dressage,2
6704,Disque - Femmes,Femmes,Individuel,1,1,1,0,1,251,Athlétisme disciplines olympiques,13,Lancers,28
6752,Skeet - Femmes,Femmes,Individuel,1,1,1,0,1,275,Plateau,219,Skeet olympique,66
6756,C1 - Femmes,Femmes,Individuel,1,1,1,0,0,398,Canoë,42,Slalom,56
6763,Marteau - Femmes,Femmes,Individuel,1,1,1,0,1,251,Athlétisme disciplines olympiques,13,Lancers,28
6767,C2 500m - Femmes,Femmes,Double,0,1,1,0,0,398,Canoë,41,Course en ligne (sprint),54
6773,Trampoline Individuel - Femmes,Femmes,Individuel,1,1,1,0,1,42,Trampoline,88,Trampoline,39
6776,C1 200m - Femmes,Femmes,Individuel,1,1,1,0,0,398,Canoë,41,Course en ligne (sprint),54
6788,Football Equipe F,Femmes,Equipe,0,1,1,0,0,36,Football,77,Football,49
6790,Slalom géant - Femmes,Femmes,Individuel,1,1,0,0,0,107,Ski alpin,257,Ski alpin,34
6795,Individuel Dressage - Open,Open,Double,0,1,1,0,1,29,Dressage,352,Dressage,2
6801,Ski Cross - Femmes,Femmes,Individuel,1,1,0,0,0,110,Ski freestyle,259,Ski freestyle,6
6803,Sprint 7.5km - Femmes,Femmes,Individuel,1,1,0,0,0,109,Biathlon,246,Biathlon,41
6804,Poursuite 10km - Femmes,Femmes,Individuel,1,1,0,0,0,109,Biathlon,246,Biathlon,41
6809,Individuel 15km - Femmes,Femmes,Individuel,1,1,0,0,0,109,Biathlon,246,Biathlon,41
6813,Descente - Femmes,Femmes,Individuel,1,1,0,0,0,107,Ski alpin,257,Ski alpin,34
6814,Super G - Femmes,Femmes,Individuel,1,1,0,0,0,107,Ski alpin,257,Ski alpin,34
6835,Water-Polo Equipe F,Femmes,Equipe,0,1,1,0,0,85,Water polo,152,Water polo,52
6842,Hauteur - Femmes,Femmes,Individuel,1,1,1,0,1,251,Athlétisme disciplines olympiques,17,Sauts,28
6843,Poids - Femmes,Femmes,Individuel,1,1,1,0,1,251,Athlétisme disciplines olympiques,13,Lancers,28
6859,100m Brasse - Femmes,Femmes,Individuel,1,1,1,0,0,355,Natation course,150,Natation course bassin de 50m,65
6868,20km Marche - Femmes,Femmes,Individuel,1,1,1,0,0,251,Athlétisme disciplines olympiques,15,Marche athlétique,28
6907,Relais 4 x 400m - Mixte,Mixte,Equipe,0,1,1,0,0,251,Athlétisme disciplines olympiques,16,Relais,28
6911,Shortboard - Femmes,Femmes,Individuel,1,1,1,0,1,127,Surf,200,Shortboard,115
6945,Individual Kata - Femmes,Femmes,Individuel,1,0,1,0,0,391,Kata,377,Kata,109
6948,Bosses - Femmes,Femmes,Individuel,1,1,0,0,1,110,Ski freestyle,259,Ski freestyle,6
6951,Big Air - Femmes,Femmes,Individuel,1,1,0,0,1,110,Ski freestyle,259,Ski freestyle,6
6953,3000m Relais - Femmes,Femmes,Equipe,0,1,0,0,0,400,Patinage de vitesse sur glace courte piste,288,Short track,21
6955,500m - Femmes,Femmes,Individuel,1,1,0,0,0,400,Patinage de vitesse sur glace courte piste,288,Short track,21
6956,1000m - Femmes,Femmes,Individuel,1,1,0,0,0,400,Patinage de vitesse sur glace courte piste,288,Short track,21
6957,1500m - Femmes,Femmes,Individuel,1,1,0,0,0,400,Patinage de vitesse sur glace courte piste,288,Short track,21
6965,BMX Freestyle - Femmes,Femmes,Individuel,1,1,1,0,1,286,BMX freestyle,45,Park,196
6971,3000m - Femmes,Femmes,Individuel,1,1,0,0,0,401,Patinage de vitesse sur glace grande piste,289,Longue piste,40
6972,Individuel - Femmes,Femmes,Individuel,1,1,0,0,0,153,Skeleton,328,Skeleton,9
6973,Single - Femmes,Femmes,Individuel,1,1,0,0,0,119,Luge,325,Luge,44
6980,Skate Street - Femmes,Femmes,Individuel,1,1,1,0,1,246,Skateboard,171,Street,117
6981,Skate Park - Femmes,Femmes,Individuel,1,1,1,0,1,246,Skateboard,170,Park,117
26316,76kg - Femmes,Femmes,Individuel,1,1,1,0,0,262,Lutte,128,Lutte féminine,8
26317,57kg - Femmes,Femmes,Individuel,1,1,1,0,0,262,Lutte,128,Lutte féminine,8
26318,87kg GR - Hommes,Hommes,Individuel,1,1,1,0,0,262,Lutte,129,Lutte gréco-romaine,46
26322,49kg - Femmes - JO,Femmes,Individuel,1,1,1,0,1,45,Haltérophilie,89,Total Olympique,29
26325,67kg - Hommes,Hommes,Individuel,1,0,1,0,1,45,Haltérophilie,89,Total Olympique,29
26328,+109kg - Hommes,Hommes,Individuel,1,0,1,0,1,45,Haltérophilie,89,Total Olympique,29
26431,77kg GR- Hommes,Hommes,Individuel,1,1,1,0,0,262,Lutte,129,Lutte gréco-romaine,46
26436,60kg GR - Hommes,Hommes,Individuel,1,1,1,0,0,262,Lutte,129,Lutte gréco-romaine,46
26456,109kg - Hommes,Hommes,Individuel,1,0,1,0,1,45,Haltérophilie,89,Total Olympique,29
26461,96kg - Hommes,Hommes,Individuel,1,0,1,0,1,45,Haltérophilie,89,Total Olympique,29
26474,81kg - Hommes,Hommes,Individuel,1,0,1,0,1,45,Haltérophilie,89,Total Olympique,29
26475,55kg - Femmes,Femmes,Individuel,1,0,1,0,1,45,Haltérophilie,89,Total Olympique,29
26489,61kg - Hommes - JO,Hommes,Individuel,1,1,1,0,1,45,Haltérophilie,89,Total Olympique,29
26490,73kg - Hommes - JO,Hommes,Individuel,1,1,1,0,1,45,Haltérophilie,89,Total Olympique,29
26491,+87kg - Femmes,Femmes,Individuel,1,0,1,0,1,45,Haltérophilie,89,Total Olympique,29
26496,81kg - Femmes - JO,Femmes,Individuel,1,1,1,0,1,45,Haltérophilie,89,Total Olympique,29
26497,87kg - Femmes,Femmes,Individuel,1,0,1,0,1,45,Haltérophilie,89,Total Olympique,29
26546,2-Man Competition - Femmes,Femmes,Equipe,0,1,0,0,0,117,Bobsleigh,322,Bobsleigh,30
27549,+61kg Kumite - Femmes,Femmes,Individuel,1,0,1,0,0,392,Kumité,378,Kumité,109
27551,+75kg Kumite - Hommes,Hommes,Individuel,1,0,1,0,0,392,Kumité,378,Kumité,109
27663,10m Plateforme Synchro - Femmes,Femmes,Equipe,0,1,1,0,1,84,Plongeon,151,Plongeon,3
27754,Classique Par équipes - Mixte,Mixte,Equipe,0,1,1,0,1,368,Tir à l'arc sur cibles,221,Arc classique,10
27758,Par équipes - Femmes,Femmes,Equipe,0,1,0,0,0,118,Curling,323,Curling,20
27803,Monobob - Femmes,Femmes,Individuel,1,1,0,0,0,117,Bobsleigh,322,Bobsleigh,30
27810,1500m - Femmes,Femmes,Individuel,1,1,0,0,0,401,Patinage de vitesse sur glace grande piste,289,Longue piste,40
27814,1000m - Femmes,Femmes,Individuel,1,1,0,0,0,401,Patinage de vitesse sur glace grande piste,289,Longue piste,40
27820,5000m - Femmes,Femmes,Individuel,1,1,0,0,0,401,Patinage de vitesse sur glace grande piste,289,Longue piste,40
27824,Mass Start 16 Laps - Femmes,Femmes,Individuel,1,1,0,0,1,401,Patinage de vitesse sur glace grande piste,289,Longue piste,40
27828,500m - Femmes,Femmes,Individuel,1,1,0,0,0,401,Patinage de vitesse sur glace grande piste,289,Longue piste,40
27839,Double - Open,Open,Double,0,0,0,0,0,119,Luge,325,Luge,44
97643,10m Pistolet à air comprimé - Par équipes (Mixte) - Mixte,Mixte,Equipe,0,1,1,0,1,137,Pistolet,216,10 mètres,66
809041,Trap - Par équipes (Mixte) - Mixte,Mixte,Equipe,0,0,1,0,1,275,Plateau,218,Fosse olympique,66
809042,10m Carabine à air comprimé - Par équipes (Mixte) - Mixte,Mixte,Equipe,0,1,1,0,1,136,Carabine,210,10 mètres,66
889202,Par équipes - Hommes,Hommes,Equipe,0,1,0,0,0,187,Hockey sur glace,251,Hockey sur glace,63
889247,+105kg - Hommes,Hommes,Individuel,1,0,1,0,1,45,Haltérophilie,89,Total Olympique,29
889248,53kg - Femmes,Femmes,Individuel,1,0,1,0,1,45,Haltérophilie,89,Total Olympique,29
889278,Individuel - Tremplin Normal - Hommes,Hommes,Individuel,1,1,0,0,1,106,Saut à ski,256,Saut à ski,50
889302,2 x 7.5km Skiathlon - Femmes,Femmes,Individuel,1,1,0,0,0,108,Ski de fond,258,Ski de fond,67
889307,Halfpipe - Hommes,Hommes,Individuel,1,1,0,0,1,111,Surf des neiges,260,Snowboard,23
889325,K2 500m - Hommes,Hommes,Double,0,1,1,0,0,397,Kayak,403,Course en ligne,54
889373,Light Welterweight - Hommes,Hommes,Individuel,1,0,1,0,0,360,Boxe anglaise,37,Boxe anglaise,60
889379,Lightweight Four - Hommes,Hommes,Equipe,0,0,1,0,0,8,Aviron,25,Aviron,15
889391,48kg - Femmes,Femmes,Individuel,1,0,1,0,1,45,Haltérophilie,89,Total Olympique,29
889395,+75kg - Femmes,Femmes,Individuel,1,0,1,0,1,45,Haltérophilie,89,Total Olympique,29
889398,Double Trap - Hommes,Hommes,Individuel,1,0,1,0,1,275,Plateau,218,Fosse olympique,66
889415,Grand Tremplin Par équipes / 4 x 5km - Hommes,Hommes,Equipe,0,1,0,0,1,105,Combine nordique,255,Combine nordique,62
889416,Gundersen Tremplin Normal / 10km - Hommes,Hommes,Individuel,1,1,0,0,0,105,Combine nordique,255,Combine nordique,62
889427,Slalom géant parallèle - Hommes,Hommes,Individuel,1,1,0,0,0,111,Surf des neiges,260,Snowboard,23
889500,Poids mi-mouche - Hommes (49kg),Hommes,Individuel,1,0,1,0,0,360,Boxe anglaise,37,Boxe anglaise,60
889501,"Poids super-coq - Hommes (53,5kg)",Hommes,Individuel,1,0,1,0,0,360,Boxe anglaise,37,Boxe anglaise,60
889512,69kg - Femmes,Femmes,Individuel,1,0,1,0,1,45,Haltérophilie,89,Total Olympique,29
889517,63kg - Femmes,Femmes,Individuel,1,0,1,0,1,45,Haltérophilie,89,Total Olympique,29
889519,62kg - Hommes,Hommes,Individuel,1,0,1,0,1,45,Haltérophilie,89,Total Olympique,29
889521,56kg - Hommes,Hommes,Individuel,1,0,1,0,1,45,Haltérophilie,89,Total Olympique,29
889522,85kg - Hommes,Hommes,Individuel,1,0,1,0,1,45,Haltérophilie,89,Total Olympique,29
889530,50m Carabine couchée - Hommes,Hommes,Individuel,1,0,1,0,1,136,Carabine,211,50 mètres,66
889555,Par équipes - Grand Tremplin - Hommes,Hommes,Equipe,0,1,0,0,1,106,Saut à ski,256,Saut à ski,50
889576,Big Air - Hommes,Hommes,Individuel,1,1,0,0,1,111,Surf des neiges,260,Snowboard,23
889641,58kg - Femmes,Femmes,Individuel,1,0,1,0,1,45,Haltérophilie,89,Total Olympique,29
889643,77kg - Hommes,Hommes,Individuel,1,0,1,0,1,45,Haltérophilie,89,Total Olympique,29
889648,50m Pistolet - Hommes,Hommes,Individuel,1,0,1,0,1,137,Pistolet,215,50 mètres,66
889674,Individuel - Grand Tremplin - Hommes,Hommes,Individuel,1,1,0,0,1,106,Saut à ski,256,Saut à ski,50
889704,C1 200m - Hommes,Hommes,Individuel,1,0,1,0,0,398,Canoë,41,Course en ligne (sprint),54
889705,C2 500m - Hommes,Hommes,Double,0,1,1,0,0,398,Canoë,41,Course en ligne (sprint),54
889710,K2 200m - Hommes,Hommes,Double,0,0,1,0,0,397,Kayak,403,Course en ligne,54
889758,K4 1000m - Hommes,Hommes,Equipe,0,0,1,0,0,397,Kayak,403,Course en ligne,54
889760,C2 - Hommes,Hommes,Double,0,0,1,0,0,398,Canoë,42,Slalom,56
889797,Sprint Style libre - Hommes,Hommes,Individuel,1,0,0,0,0,108,Ski de fond,258,Ski de fond,67
889798,Gundersen Grand Tremplin / 10km - Hommes,Hommes,Individuel,1,1,0,0,1,105,Combine nordique,255,Combine nordique,62
889818,Slopestyle - Hommes,Hommes,Individuel,1,1,0,0,1,111,Surf des neiges,260,Snowboard,23
889841,Slopestyle - Hommes,Hommes,Individuel,1,1,0,0,1,110,Ski freestyle,259,Ski freestyle,6
889864,58kg - Femmes,Femmes,Individuel,1,0,1,0,0,262,Lutte,128,Lutte féminine,8
889865,69kg W (2014-2018) OG - Femmes,Femmes,Individuel,1,0,1,0,0,262,Lutte,128,Lutte féminine,8
889866,59kg - Hommes,Hommes,Individuel,1,0,1,0,0,262,Lutte,129,Lutte gréco-romaine,46
889867,75kg - Hommes,Hommes,Individuel,1,0,1,0,0,262,Lutte,129,Lutte gréco-romaine,46
889868,85kg (2014-2018) OG - Hommes,Hommes,Individuel,1,0,1,0,0,262,Lutte,129,Lutte gréco-romaine,46
889869,98kg - Hommes,Hommes,Individuel,1,0,1,0,0,262,Lutte,129,Lutte gréco-romaine,46
889877,75kg - Femmes,Femmes,Individuel,1,0,1,0,0,262,Lutte,128,Lutte féminine,8
892536,Big Air - Hommes,Hommes,Individuel,1,1,0,0,1,110,Ski freestyle,259,Ski freestyle,6
892541,48kg W (2014-2018) OG - Femmes,Femmes,Individuel,1,0,1,0,0,262,Lutte,128,Lutte féminine,8
892542,63kg W (2014-2018) OG - Femmes,Femmes,Individuel,1,0,1,0,0,262,Lutte,128,Lutte féminine,8
892543,66kg (2014-2018) OG - Hommes,Hommes,Individuel,1,0,1,0,0,262,Lutte,129,Lutte gréco-romaine,46
892601,Vitesse - Hommes,Hommes,Individuel,1,1,1,0,0,72,Escalade,136,Vitesse,116
892681,CSLX - Hommes,Hommes,Individuel,1,1,1,0,0,397,Kayak,406,Slalom,56
892781,89kg - Hommes - JO,Hommes,Individuel,1,1,1,0,1,45,Haltérophilie,89,Total Olympique,29
892786,102kg - Hommes - JO,Hommes,Individuel,1,1,1,0,1,45,Haltérophilie,89,Total Olympique,29
892800,71kg - Femmes - JO,Femmes,Individuel,1,1,1,0,1,45,Haltérophilie,89,Total Olympique,29
893138,10km Style classique - Femmes,Femmes,Individuel,1,0,0,0,0,108,Ski de fond,258,Ski de fond,67
893162,Kitefoil - Femmes OLY,Femmes,Individuel,1,1,1,0,0,371,Kiteboard,234,Kiteboard à foil,1
893193,CSLX - Femmes,Femmes,Individuel,1,1,1,0,0,397,Kayak,406,Slalom,56
893487,Par équipes Sprint Style libre - Femmes,Femmes,Equipe,0,1,0,0,0,108,Ski de fond,258,Ski de fond,67
893624,Slalom - Femmes,Femmes,Individuel,1,1,0,0,0,107,Ski alpin,257,Ski alpin,34
893630,Snowboard Cross Par équipes - Mixte,Mixte,Equipe,0,1,0,0,0,111,Surf des neiges,260,Snowboard,23
893833,Relais 4 x 6km - Mixte,Mixte,Equipe,0,1,0,0,0,109,Biathlon,246,Biathlon,41
894167,Relais 4 x 5km - Femmes,Femmes,Equipe,0,1,0,0,0,108,Ski de fond,258,Ski de fond,67
894187,Halfpipe - Femmes,Femmes,Individuel,1,1,0,0,1,110,Ski freestyle,259,Ski freestyle,6
894199,Sprint Style libre - Femmes,Femmes,Individuel,1,0,0,0,0,108,Ski de fond,258,Ski de fond,67
894266,30km Style classique - Femmes,Femmes,Individuel,1,1,0,0,0,108,Ski de fond,258,Ski de fond,67
894530,Par équipes - Tremplin Normal - Mixte,Mixte,Equipe,0,1,0,0,1,106,Saut à ski,256,Saut à ski,50
894553,Big Air - Femmes,Femmes,Individuel,1,1,0,0,1,111,Surf des neiges,260,Snowboard,23
894622,Individuel - Tremplin Normal - Femmes,Femmes,Individuel,1,1,0,0,1,106,Saut à ski,256,Saut à ski,50
894646,Halfpipe - Femmes,Femmes,Individuel,1,1,0,0,1,111,Surf des neiges,260,Snowboard,23
894738,Slopestyle - Femmes,Femmes,Individuel,1,1,0,0,1,111,Surf des neiges,260,Snowboard,23
894987,Saut acrobatique - Femmes,Femmes,Individuel,1,1,0,0,1,110,Ski freestyle,259,Ski freestyle,6
895209,4-Man Competition - Open,Open,Equipe,0,0,0,0,0,117,Bobsleigh,262,Bobsleigh,30
895493,Slalom géant parallèle - Femmes,Femmes,Individuel,1,1,0,0,0,111,Surf des neiges,260,Snowboard,23
895537,Combiné alpin - Femmes,Femmes,Individuel,1,1,0,0,0,107,Ski alpin,257,Ski alpin,34
895628,10km Style libre - Femmes,Femmes,Individuel,1,1,0,0,0,108,Ski de fond,258,Ski de fond,67
895658,470 - Mixte,Mixte,Double,0,1,1,0,0,144,Dériveur,230,Double mixte,1
895662,Vitesse - Femmes,Femmes,Individuel,1,1,1,0,0,72,Escalade,136,Vitesse,116
895665,30km Style libre - Femmes,Femmes,Individuel,1,0,0,0,0,108,Ski de fond,258,Ski de fond,67
896013,Kitefoil - Hommes OLY,Hommes,Individuel,1,1,1,0,0,371,Kiteboard,234,Kiteboard à foil,1
896099,Par équipes - Femmes,Femmes,Equipe,0,1,0,0,0,187,Hockey sur glace,251,Hockey sur glace,63
896340,Sprint Style classique Par équipes - Femmes,Femmes,Equipe,0,0,0,0,0,108,Ski de fond,258,Ski de fond,67
896366,Sprint Style classique - Femmes,Femmes,Individuel,1,1,0,0,0,108,Ski de fond,258,Ski de fond,67
896598,2000m Relais - Mixte,Mixte,Equipe,0,1,0,0,0,400,Patinage de vitesse sur glace courte piste,288,Short track,21
896729,+102kg - Hommes - JO,Hommes,Individuel,1,1,1,0,1,45,Haltérophilie,89,Total Olympique,29
896736,+81kg - Femmes - JO,Femmes,Individuel,1,1,1,0,1,45,Haltérophilie,89,Total Olympique,29
896810,Skeet - Par équipes (Mixte) - Mixte,Mixte,Equipe,0,1,1,0,1,275,Plateau,219,Skeet olympique,66
896986,iQFOiL - Femmes,Femmes,Individuel,1,1,1,0,0,372,Planche à voile (windsurf),237,Windsurf foil,1
896987,iQFOiL - Hommes,Hommes,Individuel,1,1,1,0,0,372,Planche à voile (windsurf),237,Windsurf foil,1
897256,Sprint Par équipes - Femmes,Femmes,Equipe,0,1,1,0,0,22,Piste,48,Sprint,13
897325,Épreuves combinées (B+D) - Hommes,Hommes,Individuel,1,1,1,0,1,72,Escalade,134,Combiné,116
897326,Épreuves combinées (B+D) - Femmes,Femmes,Individuel,1,1,1,0,1,72,Escalade,134,Combiné,116
897328,Par équipes - Open,Open,Equipe,0,1,1,0,1,82,Natation artistique,149,Natation artistique,35
897393,Breaking - Femmes,Femmes,Individuel,1,1,1,0,0,287,Breaking,55,Breaking,206
897394,Breaking - Hommes,Hommes,Individuel,1,1,1,0,0,287,Breaking,55,Breaking,206
897733,+92kg - Hommes,Hommes,Individuel,1,1,1,0,0,360,Boxe anglaise,37,Boxe anglaise,60
897748,57kg - Hommes,Hommes,Individuel,1,1,1,0,0,360,Boxe anglaise,37,Boxe anglaise,60
897749,51kg - Hommes,Hommes,Individuel,1,1,1,0,0,360,Boxe anglaise,37,Boxe anglaise,60
897750,71kg - Hommes,Hommes,Individuel,1,1,1,0,0,360,Boxe anglaise,37,Boxe anglaise,60
897751,63.5kg - Hommes,Hommes,Individuel,1,1,1,0,0,360,Boxe anglaise,37,Boxe anglaise,60
897752,80kg - Hommes,Hommes,Individuel,1,1,1,0,0,360,Boxe anglaise,37,Boxe anglaise,60
897754,54kg - Femmes,Femmes,Individuel,1,1,1,0,0,360,Boxe anglaise,37,Boxe anglaise,60
897755,66kg - Femmes,Femmes,Individuel,1,1,1,0,0,360,Boxe anglaise,37,Boxe anglaise,60
897756,50kg - Femmes,Femmes,Individuel,1,1,1,0,0,360,Boxe anglaise,37,Boxe anglaise,60
897757,75kg - Femmes,Femmes,Individuel,1,1,1,0,0,360,Boxe anglaise,37,Boxe anglaise,60
897758,92kg - Hommes,Hommes,Individuel,1,1,1,0,0,360,Boxe anglaise,37,Boxe anglaise,60
900707,42km Marche par équipe - Mixte,Mixte,Equipe,0,0,1,0,0,251,Athlétisme disciplines olympiques,15,Marche athlétique,28
